customer_id,bureau_pull_date,credit_score,total_accounts,open_accounts,delinquent_accounts,credit_utilisation_pct,oldest_account_months,hard_inquiries_6m,total_credit_limit_inr,total_balance_inr
CUST00458,2024-01-01,410,17,5,0,0.5567,184,1,1616175,1063
CUST00181,2024-01-01,524,17,6,1,0.0061,234,3,1337972,814560
CUST00599,2024-01-01,440,10,4,3,0.0183,99,3,1218448,243578
CUST00384,2024-01-01,651,15,0,4,0.7776,51,4,1553863,1363573
CUST00218,2024-01-02,704,8,0,4,0.1619,107,0,403851,273454
CUST00630,2024-01-02,848,15,5,2,0.5987,166,7,763561,1204236
CUST00200,2024-01-02,340,2,5,0,0.6811,174,2,1428715,861100
CUST00745,2024-01-02,496,18,7,4,0.2794,153,7,151861,61493
CUST00476,2024-01-03,458,10,5,4,0.5693,140,5,1826242,1080090
CUST00123,2024-01-03,647,12,1,1,0.2403,151,2,383526,1318913
CUST00704,2024-01-03,619,4,3,2,0.9463,52,4,1584639,332221
CUST00462,2024-01-03,826,11,4,0,0.8602,50,0,1252279,1452849
CUST00453,2024-01-04,851,1,9,4,0.288,223,7,1702861,1197555
CUST00022,2024-01-04,763,17,5,3,0.5288,139,3,1561445,1113234
CUST00681,2024-01-04,419,15,6,0,0.5006,206,3,1055890,504066
CUST00967,2024-01-04,324,9,7,3,0.96,150,1,1524294,179870
CUST00099,2024-01-05,839,16,3,2,0.394,109,3,725669,643995
CUST00489,2024-01-05,865,16,9,2,0.5622,137,3,1188179,1211063
CUST00564,2024-01-05,450,3,6,1,0.9287,166,2,1834378,879977
CUST00710,2024-01-05,327,2,8,4,0.1628,45,9,215278,971233
CUST00437,2024-01-06,708,5,7,2,0.5505,111,2,743812,1171525
CUST00672,2024-01-06,653,1,6,4,0.1057,173,1,83712,508239
CUST00348,2024-01-06,833,11,0,0,0.6175,21,5,1091828,56036
CUST00007,2024-01-06,645,11,5,2,0.3657,18,3,1575176,1326045
CUST00817,2024-01-07,756,11,1,1,0.9676,39,4,125186,920097
CUST00678,2024-01-07,771,2,6,4,0.4154,142,7,1121284,848350
CUST00521,2024-01-07,305,18,7,2,0.1362,57,0,859676,859915
CUST00799,2024-01-07,389,19,5,3,0.834,105,5,1576288,1279391
CUST00726,2024-01-08,768,12,3,0,0.8209,32,0,479255,1153934
CUST00347,2024-01-08,407,1,0,3,0.6949,60,0,367437,1005170
CUST00713,2024-01-08,423,8,6,0,0.7488,5,0,234635,1173016
CUST00036,2024-01-08,751,14,6,1,0.2647,193,1,844475,432774
CUST00236,2024-01-09,422,15,4,1,0.6421,112,3,1000683,1067583
CUST00805,2024-01-09,389,5,7,0,0.038,43,9,1842380,1462528
CUST00609,2024-01-09,308,16,7,2,0.1969,126,9,958448,352446
CUST00863,2024-01-09,581,19,5,1,0.9323,223,1,384616,856508
CUST00700,2024-01-10,682,10,0,2,0.7392,198,9,1413081,1021818
CUST00207,2024-01-10,738,8,8,3,0.2307,212,6,169977,775132
CUST00121,2024-01-10,843,10,4,0,0.1114,98,5,723316,1453272
CUST00972,2024-01-10,690,1,6,3,0.9489,87,7,1324261,605264
CUST00393,2024-01-11,753,10,9,1,0.1122,76,4,545221,326774
CUST00737,2024-01-11,426,1,3,1,0.2571,73,2,1209345,204516
CUST00247,2024-01-11,504,1,6,2,0.1826,220,5,933937,1273928
CUST00137,2024-01-11,482,11,0,3,0.0075,33,7,1906459,1029319
CUST00989,2024-01-12,339,10,8,3,0.3141,204,6,610526,866999
CUST00190,2024-01-12,881,19,0,0,0.9742,220,1,1817613,646198
CUST00759,2024-01-12,444,10,5,2,0.3419,202,9,1270448,614916
CUST00920,2024-01-12,569,19,3,1,0.5043,150,2,1511389,1401918
CUST00666,2024-01-13,514,16,0,1,0.7459,205,8,379132,1020548
CUST00575,2024-01-13,326,7,4,4,0.5511,8,3,87356,1447645
CUST00664,2024-01-13,842,18,9,0,0.7436,196,0,1474984,1202259
CUST00864,2024-01-13,431,10,1,2,0.6616,123,9,986754,1151461
CUST00520,2024-01-14,360,12,2,2,0.6086,230,5,652257,830455
CUST00573,2024-01-14,505,2,1,1,0.6496,21,2,1797398,363742
CUST00647,2024-01-14,386,5,1,3,0.7992,223,0,686663,980332
CUST00319,2024-01-14,899,10,2,2,0.7102,138,1,895619,1073969
CUST01000,2024-01-15,413,6,5,3,0.7918,25,1,1462186,782954
CUST00273,2024-01-15,481,12,7,1,0.1456,122,9,1926184,30632
CUST00410,2024-01-15,462,2,6,4,0.6777,9,1,1803022,1440004
CUST00932,2024-01-15,315,5,7,3,0.737,20,1,1322351,1239600
CUST00150,2024-01-16,307,13,7,1,0.3,128,8,265283,528306
CUST00934,2024-01-16,607,12,3,4,0.8746,195,8,263441,740427
CUST00933,2024-01-16,439,19,9,4,0.3047,26,2,1401075,185048
CUST00628,2024-01-16,350,18,1,2,0.2438,63,6,1043080,1405109
CUST00691,2024-01-17,474,16,6,0,0.8671,94,5,309554,345943
CUST00272,2024-01-17,464,1,1,2,0.247,130,5,1406453,566640
CUST00834,2024-01-17,554,12,7,3,0.4155,1,3,1887490,642825
CUST00357,2024-01-17,895,5,0,1,0.3679,153,7,177469,394760
CUST00680,2024-01-18,484,6,2,0,0.8981,119,8,1660016,952029
CUST00984,2024-01-18,722,4,3,2,0.4552,230,7,722066,1492584
CUST00841,2024-01-18,761,9,6,4,0.6943,73,9,825681,1282880
CUST00163,2024-01-18,330,3,0,1,0.794,119,1,1448308,796016
CUST00794,2024-01-19,600,11,2,2,0.6279,20,6,531413,196447
CUST00816,2024-01-19,569,4,3,0,0.9437,220,9,356289,1294773
CUST00321,2024-01-19,604,10,7,3,0.8025,200,5,1929530,385110
CUST00658,2024-01-19,402,12,9,4,0.4002,85,9,729262,1366585
CUST00113,2024-01-20,579,4,6,3,0.9508,111,3,380688,593146
CUST00716,2024-01-20,373,2,5,2,0.5246,205,8,1395325,777703
CUST00008,2024-01-20,867,16,3,0,0.0226,71,9,472593,655036
CUST00364,2024-01-20,652,15,8,2,0.26,57,6,1562304,683570
CUST00140,2024-01-21,320,5,1,4,0.6217,58,7,187429,247468
CUST00424,2024-01-21,603,17,1,0,0.1568,170,5,1061097,829328
CUST00009,2024-01-21,855,5,2,1,0.5841,51,3,835763,604457
CUST00461,2024-01-21,745,18,2,4,0.3616,22,5,1915872,1271609
CUST00510,2024-01-22,463,3,4,2,0.5344,40,9,1066503,715830
CUST00607,2024-01-22,835,13,9,0,0.0019,236,0,1854395,1446990
CUST00322,2024-01-22,411,1,6,0,0.8484,209,2,534626,444999
CUST00992,2024-01-22,448,4,3,2,0.3619,228,4,973202,492483
CUST00179,2024-01-23,392,8,2,2,0.1402,67,3,1636952,55087
CUST00765,2024-01-23,853,2,6,4,0.4379,106,6,362535,1107945
CUST00228,2024-01-23,730,9,2,4,0.4862,118,3,1859086,110206
CUST00604,2024-01-23,610,5,9,2,0.6374,126,6,1557216,428061
CUST00268,2024-01-24,700,2,4,2,0.5246,7,1,1369916,1365828
CUST00105,2024-01-24,455,19,5,4,0.0435,143,3,524122,916429
CUST00659,2024-01-24,342,19,9,3,0.8715,10,6,1645166,838168
CUST00498,2024-01-24,807,19,3,1,0.4565,66,4,1693501,1207184
CUST00852,2024-01-25,878,3,4,3,0.077,70,7,620597,1157239
CUST00792,2024-01-25,321,8,5,3,0.7728,162,6,1194931,1329729
CUST00188,2024-01-25,331,7,2,1,0.6602,215,3,168249,997911
CUST00880,2024-01-25,635,7,0,4,0.6494,167,4,818481,673074
CUST00192,2024-01-26,325,8,2,1,0.4269,105,9,343803,195992
CUST00048,2024-01-26,732,10,1,2,0.4105,126,9,1134947,554633
CUST00804,2024-01-26,867,10,6,2,0.5363,123,0,1120226,1057866
CUST00618,2024-01-26,467,6,0,3,0.0506,36,7,1088977,380177
CUST00544,2024-01-27,476,19,3,4,0.299,229,4,1370450,1006461
CUST00402,2024-01-27,818,19,8,1,0.9879,220,0,1853229,200125
CUST00783,2024-01-27,513,7,5,1,0.6622,58,6,433630,90622
CUST00365,2024-01-27,444,5,6,3,0.4189,28,0,468007,547376
CUST00093,2024-01-28,350,11,6,4,0.2224,40,3,470065,344816
CUST00374,2024-01-28,803,8,2,4,0.7452,151,6,1859908,1307966
CUST00433,2024-01-28,855,19,6,3,0.2603,8,8,230686,567409
CUST00673,2024-01-28,347,9,2,3,0.1624,25,4,111115,628214
CUST00537,2024-01-29,781,1,6,3,0.1545,155,8,362867,605256
CUST00549,2024-01-29,395,3,6,4,0.7293,35,8,1549946,475939
CUST00251,2024-01-29,383,2,8,0,0.6428,17,4,1180270,1376587
CUST00837,2024-01-29,528,8,9,2,0.0698,5,1,1843352,1108698
CUST00523,2024-01-30,562,7,0,0,0.115,169,6,448366,238270
CUST00403,2024-01-30,812,17,2,2,0.6338,87,0,818401,323376
CUST00216,2024-01-30,719,17,5,1,0.5711,68,8,1133009,121511
CUST00103,2024-01-30,386,3,3,1,0.686,153,3,192481,384430
CUST00106,2024-01-31,650,18,6,4,0.178,41,7,1841143,984861
CUST00916,2024-01-31,825,12,8,3,0.7266,125,7,1619101,1403862
CUST00777,2024-01-31,697,6,2,2,0.9361,116,4,330335,722457
CUST00964,2024-01-31,437,8,8,4,0.6011,162,9,1693586,122384
CUST00165,2024-02-01,377,9,8,0,0.1961,150,7,925143,71077
CUST00334,2024-02-01,571,4,9,3,0.6795,162,8,705701,621946
CUST00516,2024-02-01,583,17,0,0,0.3431,51,0,1894995,397032
CUST00077,2024-02-01,511,1,2,1,0.0493,34,4,1061256,865126
CUST00242,2024-02-02,365,2,1,0,0.3023,128,9,493025,177431
CUST00536,2024-02-02,370,6,1,2,0.9056,14,8,1628464,345391
CUST00459,2024-02-02,617,3,0,3,0.4111,109,4,1445684,833755
CUST00637,2024-02-02,866,2,4,3,0.8647,150,0,424483,421518
CUST00821,2024-02-03,658,8,0,2,0.5087,197,2,1370867,547057
CUST00060,2024-02-03,562,8,2,4,0.517,157,5,1276502,332768
CUST00867,2024-02-03,858,3,9,1,0.0052,238,6,586941,77260
CUST00627,2024-02-03,714,16,8,0,0.6371,134,9,889729,517778
CUST00952,2024-02-04,730,17,9,0,0.1078,107,0,1686635,494582
CUST00928,2024-02-04,645,14,0,0,0.4787,59,3,390110,1347758
CUST00405,2024-02-04,757,10,6,2,0.2603,161,2,1458550,1339079
CUST00474,2024-02-04,601,19,6,2,0.3924,194,9,1671308,647381
CUST00298,2024-02-05,673,7,1,4,0.5371,77,1,1876660,431975
CUST00395,2024-02-05,669,9,9,0,0.0145,19,2,683127,626743
CUST00781,2024-02-05,751,1,4,1,0.2846,3,2,569886,911845
CUST00017,2024-02-05,839,14,9,4,0.9896,152,1,1872130,579871
CUST00743,2024-02-06,476,2,1,0,0.0574,159,6,952403,1134221
CUST00250,2024-02-06,719,13,6,2,0.3194,29,5,1159421,1446173
CUST00603,2024-02-06,318,15,1,0,0.3214,6,5,1050390,605019
CUST00450,2024-02-06,619,5,9,2,0.3794,157,9,1053294,175949
CUST00522,2024-02-07,839,12,6,4,0.6848,96,4,1267867,181218
CUST00185,2024-02-07,687,6,0,1,0.2477,100,3,875446,1307813
CUST00063,2024-02-07,460,8,2,1,0.4603,63,3,814497,624144
CUST00955,2024-02-07,663,11,3,2,0.6449,172,8,831308,490741
CUST00107,2024-02-08,514,5,0,3,0.3223,178,5,1329803,929096
CUST00082,2024-02-08,559,16,0,4,0.9488,13,1,1645034,1434767
CUST00502,2024-02-08,436,8,9,0,0.9797,22,6,1132503,636980
CUST00534,2024-02-08,674,9,9,2,0.1197,133,7,1371126,472840
CUST00576,2024-02-09,419,16,5,3,0.3438,145,2,855450,1294081
CUST00560,2024-02-09,566,5,9,0,0.208,35,5,1558695,124311
CUST00351,2024-02-09,863,9,6,4,0.1868,38,5,817881,1266405
CUST00965,2024-02-09,754,19,0,1,0.491,164,1,871114,780062
CUST00698,2024-02-10,548,8,7,2,0.5638,109,0,157742,30239
CUST00889,2024-02-10,881,3,0,4,0.4257,29,7,559802,341798
CUST00369,2024-02-10,308,6,8,3,0.2726,146,6,1489947,1018836
CUST00074,2024-02-10,875,19,3,4,0.2786,18,7,219387,1129484
CUST00191,2024-02-11,511,15,1,3,0.9921,56,3,486752,293434
CUST00634,2024-02-11,792,16,2,1,0.9237,171,5,1564479,985958
CUST00419,2024-02-11,868,5,6,3,0.0759,54,9,1752653,1483901
CUST00333,2024-02-11,661,16,8,3,0.6566,16,2,859789,1029703
CUST00308,2024-02-12,666,8,5,1,0.4569,230,6,843451,1053673
CUST00836,2024-02-12,749,16,1,0,0.6888,54,1,1042986,290234
CUST00797,2024-02-12,443,17,9,3,0.597,124,0,1551784,956243
CUST00447,2024-02-12,406,4,7,2,0.8893,198,9,965219,1062945
CUST00495,2024-02-13,506,18,4,3,0.067,237,1,388192,165964
CUST00654,2024-02-13,587,13,5,0,0.3496,194,6,890718,466996
CUST00728,2024-02-13,745,14,9,2,0.9855,82,5,546560,1323887
CUST00653,2024-02-13,454,15,3,4,0.1823,205,8,1383604,1498011
CUST00075,2024-02-14,638,4,0,4,0.1273,4,5,328269,259806
CUST00519,2024-02-14,302,15,1,4,0.729,78,6,1237031,1097651
CUST00788,2024-02-14,318,5,6,1,0.7774,48,8,303230,752436
CUST00225,2024-02-14,880,6,9,0,0.6723,127,8,1945504,885617
CUST00904,2024-02-15,810,3,7,2,0.7762,214,7,1298105,766391
CUST00882,2024-02-15,818,4,6,2,0.6937,185,1,320862,1300676
CUST00878,2024-02-15,497,19,3,1,0.1358,239,1,1919852,667668
CUST00694,2024-02-15,608,7,4,0,0.6082,33,4,1168362,883967
CUST00343,2024-02-16,704,8,0,0,0.7769,180,6,1232937,1003909
CUST00872,2024-02-16,452,10,3,1,0.8655,174,6,173318,829124
CUST00023,2024-02-16,746,14,6,3,0.2462,110,7,416119,1319447
CUST00037,2024-02-16,715,11,9,0,0.1274,24,1,1625440,355973
CUST00349,2024-02-17,544,11,9,0,0.7811,25,1,961825,1422008
CUST00963,2024-02-17,560,16,8,1,0.2565,219,1,1251807,1017167
CUST00418,2024-02-17,484,10,0,4,0.0319,71,5,1974947,1440083
CUST00892,2024-02-17,782,15,8,4,0.8252,153,6,885338,561966
CUST00861,2024-02-18,892,18,2,2,0.506,226,1,792753,718260
CUST00041,2024-02-18,899,13,6,0,0.3266,118,8,1614359,64623
CUST00224,2024-02-18,762,1,9,0,0.0114,51,3,178740,1385970
CUST00772,2024-02-18,509,6,8,4,0.0353,116,6,937255,1224092
CUST00467,2024-02-19,768,12,6,2,0.7926,55,7,1716849,444456
CUST00969,2024-02-19,446,10,2,0,0.4897,44,0,494182,77809
CUST00811,2024-02-19,837,6,5,4,0.1497,194,8,642811,1045262
CUST00775,2024-02-19,460,7,7,2,0.3585,83,9,971376,1008450
CUST00976,2024-02-20,541,2,5,1,0.1653,164,9,194874,791513
CUST00344,2024-02-20,356,5,4,2,0.1129,174,1,188122,235081
CUST00581,2024-02-20,348,15,4,1,0.2763,132,3,540307,1377585
CUST00162,2024-02-20,536,1,5,4,0.5495,130,2,1800829,648854
CUST00814,2024-02-21,630,16,0,3,0.21,44,4,482555,1086846
CUST00277,2024-02-21,310,7,9,0,0.3437,127,9,1475368,1288637
CUST00605,2024-02-21,807,16,1,3,0.4779,180,7,880840,822488
CUST00290,2024-02-21,368,5,9,0,0.42,47,7,1532615,141629
CUST00951,2024-02-22,899,16,0,2,0.1286,56,4,693880,1331573
CUST00299,2024-02-22,463,11,5,3,0.0389,165,9,1755261,1000726
CUST00813,2024-02-22,527,17,4,0,0.0355,235,9,773138,1341573
CUST00068,2024-02-22,395,2,5,3,0.3502,94,8,1593566,918928
CUST00692,2024-02-23,794,16,4,1,0.7188,198,8,1671254,1361179
CUST00413,2024-02-23,739,6,8,3,0.1313,44,6,892112,1301294
CUST00884,2024-02-23,347,7,0,2,0.787,137,0,1350515,323452
CUST00293,2024-02-23,363,1,9,0,0.7157,226,2,281340,259102
CUST00978,2024-02-24,665,19,6,3,0.0039,106,7,1018034,240345
CUST00044,2024-02-24,819,13,7,1,0.0267,122,3,778061,1199681
CUST00382,2024-02-24,365,19,1,4,0.195,38,1,1911096,360579
CUST00547,2024-02-24,432,11,0,4,0.0561,127,9,1871465,675181
CUST00204,2024-02-25,627,4,3,0,0.5313,140,4,1577534,1181963
CUST00388,2024-02-25,365,7,3,3,0.0396,235,8,1900726,642965
CUST00655,2024-02-25,482,9,7,1,0.8026,49,2,1953036,92779
CUST00922,2024-02-25,306,3,8,3,0.493,88,3,1547348,542676
CUST00708,2024-02-26,599,18,4,2,0.728,155,3,1207950,141885
CUST00485,2024-02-26,729,19,7,1,0.7507,226,3,448639,578361
CUST00756,2024-02-26,547,11,0,3,0.5068,57,4,1640028,1105078
CUST00526,2024-02-26,453,12,7,1,0.9254,167,2,429177,779939
CUST00310,2024-02-27,554,14,0,4,0.9902,211,8,411144,1012315
CUST00483,2024-02-27,605,13,6,4,0.3592,152,3,1765554,160199
CUST00315,2024-02-27,399,2,3,0,0.1259,103,4,273147,1125218
CUST00553,2024-02-27,366,11,4,3,0.3632,57,8,326736,637598
CUST00465,2024-02-28,409,15,2,4,0.2234,69,4,1046416,430490
CUST00899,2024-02-28,891,16,4,0,0.531,13,0,1189068,977971
CUST00033,2024-02-28,733,12,8,3,0.3784,37,0,138879,202251
CUST00167,2024-02-28,375,18,8,4,0.4804,105,4,787590,747288
CUST00412,2024-02-29,480,12,3,1,0.7632,34,6,489235,633271
CUST00942,2024-02-29,547,8,2,2,0.274,3,9,638921,248744
CUST00394,2024-02-29,408,9,5,3,0.5375,166,1,402684,1428306
CUST00830,2024-02-29,810,14,6,1,0.3352,17,5,1370894,544577
CUST00988,2024-03-01,864,17,1,1,0.785,34,2,972331,61152
CUST00810,2024-03-01,446,5,7,1,0.6395,143,4,1921159,664442
CUST00622,2024-03-01,309,6,9,1,0.0085,221,4,66199,1449991
CUST00463,2024-03-01,460,13,8,3,0.6601,174,3,1566385,1003312
CUST00089,2024-03-02,649,15,5,1,0.1702,8,0,1823973,955111
CUST00527,2024-03-02,785,8,3,1,0.7245,41,0,998017,1351149
CUST00159,2024-03-02,503,13,3,4,0.5673,177,5,1413743,125875
CUST00071,2024-03-02,464,1,7,2,0.4015,176,2,909387,825563
CUST00210,2024-03-03,449,6,4,4,0.6941,94,3,1210321,481225
CUST00274,2024-03-03,301,19,1,3,0.8566,227,0,1819945,1014552
CUST00905,2024-03-03,308,11,6,4,0.7787,213,0,1083938,1279098
CUST00633,2024-03-03,556,17,1,0,0.5454,178,1,1177308,115784
CUST00288,2024-03-04,670,5,9,4,0.7227,179,3,1974062,237277
CUST00674,2024-03-04,307,6,4,4,0.4139,188,1,1018446,1431700
CUST00072,2024-03-04,420,19,3,0,0.789,36,2,387710,737942
CUST00868,2024-03-04,845,19,0,1,0.8291,168,3,1381529,472813
CUST00345,2024-03-05,894,17,1,2,0.1373,225,2,1401117,228361
CUST00323,2024-03-05,685,7,9,2,0.238,54,0,512449,531437
CUST00641,2024-03-05,613,16,5,3,0.27,4,1,1471009,7498
CUST00944,2024-03-05,649,9,9,3,0.1661,87,9,174284,334264
CUST00996,2024-03-06,522,17,9,1,0.3925,65,6,674006,274510
CUST00408,2024-03-06,420,17,0,3,0.193,227,1,1717467,127005
CUST00546,2024-03-06,525,9,3,4,0.5955,107,2,1254140,1453539
CUST00304,2024-03-06,719,6,8,2,0.1016,159,3,1234160,1185070
CUST00971,2024-03-07,697,19,4,4,0.2699,235,9,1260857,1410570
CUST00879,2024-03-07,706,9,5,3,0.6655,189,8,371510,360735
CUST00241,2024-03-07,665,9,5,4,0.3985,180,7,1924576,432635
CUST00329,2024-03-07,336,13,7,4,0.4215,232,1,631193,424031
CUST00368,2024-03-08,675,18,9,0,0.7979,165,4,1583556,837766
CUST00386,2024-03-08,828,3,8,4,0.9845,56,4,1980370,272694
CUST00478,2024-03-08,689,19,6,0,0.5651,174,6,519801,353225
CUST00142,2024-03-08,647,9,5,4,0.0791,77,8,1287126,1462327
CUST00595,2024-03-09,434,1,3,4,0.1029,80,3,132548,528259
CUST00360,2024-03-09,775,6,1,1,0.9685,155,5,1290418,1171552
CUST00784,2024-03-09,570,9,7,0,0.6792,76,2,909988,343433
CUST00097,2024-03-09,457,13,0,2,0.7525,6,2,190719,1394849
CUST00667,2024-03-10,593,11,6,1,0.6758,239,3,1360420,1040747
CUST00389,2024-03-10,373,3,4,2,0.1796,137,7,1939533,1292585
CUST00233,2024-03-10,855,10,7,0,0.4484,161,4,212016,774549
CUST00820,2024-03-10,721,5,9,0,0.7981,194,6,1790926,1359445
CUST00739,2024-03-11,495,6,5,2,0.8664,152,6,1694903,543978
CUST00266,2024-03-11,776,14,5,3,0.2373,146,3,1118175,718551
CUST00499,2024-03-11,332,16,4,1,0.596,190,9,1807687,92369
CUST00444,2024-03-11,531,3,3,1,0.1571,71,0,653308,255812
CUST00753,2024-03-12,690,12,0,0,0.9583,198,8,1454146,1156797
CUST00809,2024-03-12,314,9,0,1,0.2522,174,0,1411207,490320
CUST00254,2024-03-12,725,7,7,1,0.7266,44,3,1181938,153008
CUST00079,2024-03-12,790,14,9,1,0.2311,35,8,1675080,438677
CUST00876,2024-03-13,656,5,0,1,0.6161,211,6,1758760,529201
CUST00126,2024-03-13,423,15,3,1,0.6593,214,3,1582936,1075700
CUST00115,2024-03-13,749,8,6,3,0.3284,238,8,1197349,135754
CUST00223,2024-03-13,503,2,7,1,0.8188,25,1,1955242,38509
CUST00313,2024-03-14,741,16,7,3,0.8854,215,6,1133342,1086173
CUST00795,2024-03-14,676,17,6,3,0.8551,207,5,1291868,213063
CUST00593,2024-03-14,356,11,0,3,0.3308,184,2,418184,629482
CUST00493,2024-03-14,359,14,2,2,0.7443,119,9,676389,1024327
CUST00271,2024-03-15,309,3,4,4,0.5595,122,7,1814154,771236
CUST00679,2024-03-15,343,7,0,1,0.5926,103,0,1020958,185163
CUST00222,2024-03-15,479,7,3,4,0.4774,7,0,1046912,1083272
CUST00149,2024-03-15,315,15,3,1,0.6003,120,0,1641818,72437
CUST00337,2024-03-16,863,7,9,0,0.1357,57,4,685844,348481
CUST00220,2024-03-16,849,14,3,4,0.4088,48,4,567418,163822
CUST00752,2024-03-16,403,6,9,4,0.1777,14,7,67303,768896
CUST00442,2024-03-16,486,12,7,0,0.2801,110,6,501246,1036011
CUST00295,2024-03-17,745,4,6,2,0.1278,12,0,1048550,974855
CUST00563,2024-03-17,696,11,8,2,0.2125,204,4,1463427,208987
CUST00270,2024-03-17,648,2,8,1,0.7819,213,7,691808,515041
CUST00566,2024-03-17,893,14,2,2,0.5498,192,8,916633,219456
CUST00363,2024-03-18,677,1,4,3,0.0236,72,2,482226,514045
CUST00420,2024-03-18,701,19,5,2,0.7885,39,0,1642312,345450
CUST00677,2024-03-18,601,16,9,2,0.9095,121,1,1073469,1110592
CUST00638,2024-03-18,615,11,0,4,0.8804,161,3,330182,1126366
CUST00398,2024-03-19,474,18,4,1,0.823,5,4,1238663,1227585
CUST00285,2024-03-19,612,16,2,3,0.9922,205,3,704608,300529
CUST00314,2024-03-19,850,3,2,1,0.5864,105,0,1737022,20243
CUST00600,2024-03-19,526,15,7,4,0.9626,196,3,572794,53063
CUST00168,2024-03-20,379,8,2,1,0.9488,19,2,1736224,1265225
CUST00766,2024-03-20,659,17,7,4,0.3132,102,4,1410842,1358795
CUST00669,2024-03-20,771,17,9,3,0.8634,110,0,313966,317648
CUST00893,2024-03-20,875,19,7,1,0.7925,12,7,1530691,1314477
CUST00148,2024-03-21,625,9,1,3,0.7758,170,4,1455156,794616
CUST00109,2024-03-21,772,4,1,1,0.8963,223,3,939205,277228
CUST00182,2024-03-21,450,3,4,1,0.3842,130,9,363370,469399
CUST00724,2024-03-21,554,4,5,1,0.4001,95,7,982157,398013
CUST00497,2024-03-22,551,19,7,3,0.6401,153,1,1236802,1145432
CUST00541,2024-03-22,499,12,4,1,0.7378,87,1,307462,282836
CUST00284,2024-03-22,729,7,1,2,0.8797,86,0,715106,274601
CUST00540,2024-03-22,830,9,9,2,0.8758,182,5,1418564,1079301
CUST00877,2024-03-23,495,4,9,0,0.7213,142,3,1128113,453304
CUST00491,2024-03-23,381,11,6,1,0.9569,64,3,1985019,375013
CUST00154,2024-03-23,795,9,6,1,0.1786,98,5,472641,1211702
CUST00601,2024-03-23,809,16,9,1,0.9503,200,5,1566947,1397174
CUST00927,2024-03-24,860,1,4,4,0.0642,127,0,879618,833051
CUST00838,2024-03-24,453,18,1,1,0.5556,19,1,485069,1241461
CUST00970,2024-03-24,731,2,6,2,0.0902,205,7,1904774,1261906
CUST00147,2024-03-24,729,8,4,3,0.568,178,9,1265089,882601
CUST00152,2024-03-25,774,7,7,3,0.3901,64,8,1094089,1244545
CUST00372,2024-03-25,783,14,7,3,0.0816,231,9,625165,13407
CUST00636,2024-03-25,871,13,4,2,0.6481,228,4,1768825,52974
CUST00722,2024-03-25,586,4,3,4,0.7312,238,8,108844,1325504
CUST00910,2024-03-26,345,10,4,4,0.1742,91,8,274511,210648
CUST00574,2024-03-26,415,11,6,1,0.6944,221,8,400654,1091642
CUST00750,2024-03-26,831,9,6,0,0.179,193,1,1323372,630189
CUST00846,2024-03-26,806,1,5,1,0.1374,209,1,250057,1181861
CUST00616,2024-03-27,306,4,5,4,0.1474,131,4,1604466,997816
CUST00411,2024-03-27,520,10,9,4,0.5991,67,5,432068,107737
CUST00131,2024-03-27,447,5,2,3,0.7788,55,9,1369118,505248
CUST00208,2024-03-27,492,11,1,3,0.5969,232,3,1601428,1062840
CUST00778,2024-03-28,683,4,7,1,0.8094,121,8,1763256,1382328
CUST00039,2024-03-28,606,14,9,2,0.5915,222,8,621022,1206884
CUST00833,2024-03-28,588,4,6,0,0.7973,133,9,195665,1337793
CUST00826,2024-03-28,561,13,4,2,0.9765,128,1,1526227,1434953
CUST00261,2024-03-29,684,16,3,0,0.391,18,2,924979,1341329
CUST00134,2024-03-29,709,7,4,0,0.1499,97,2,1900281,870705
CUST00948,2024-03-29,326,3,0,4,0.1354,133,7,416867,504215
CUST00083,2024-03-29,382,1,5,4,0.5975,27,6,1169832,762062
CUST00906,2024-03-30,504,7,2,3,0.5471,39,4,282332,1193537
CUST00915,2024-03-30,561,3,2,3,0.1842,142,0,996547,638095
CUST00661,2024-03-30,897,17,5,1,0.8821,60,5,52013,1246240
CUST00176,2024-03-30,835,19,9,2,0.9567,168,7,1512747,1051931
CUST00503,2024-03-31,689,19,2,3,0.2532,111,4,1229528,313975
CUST00997,2024-03-31,321,18,9,2,0.2069,97,2,239325,1381231
CUST00128,2024-03-31,360,12,5,1,0.2139,29,5,1023972,1269390
CUST00939,2024-03-31,574,7,9,1,0.3874,98,6,885013,899632
CUST00888,2024-04-01,652,9,3,4,0.8532,130,5,1363613,291161
CUST00439,2024-04-01,696,5,9,1,0.596,138,8,1022707,340925
CUST00959,2024-04-01,385,16,6,4,0.0676,65,3,945005,1259165
CUST00255,2024-04-01,832,9,6,3,0.473,7,6,1670550,26360
CUST00052,2024-04-02,595,8,5,4,0.0903,224,8,1062188,725417
CUST00767,2024-04-02,656,14,4,2,0.4062,229,2,1637724,928669
CUST00621,2024-04-02,323,8,5,1,0.4035,217,2,1776414,348752
CUST00355,2024-04-02,794,7,8,0,0.6484,70,0,1704117,1296896
CUST00486,2024-04-03,625,5,7,2,0.5495,145,3,1913315,783473
CUST00980,2024-04-03,433,2,0,1,0.8748,34,0,1410852,98962
CUST00949,2024-04-03,491,1,6,0,0.0163,217,7,1145431,480244
CUST00059,2024-04-03,511,8,8,4,0.774,2,0,1084583,596356
CUST00761,2024-04-04,316,19,7,4,0.0227,113,6,448777,334210
CUST00452,2024-04-04,865,5,4,1,0.3043,205,5,1664364,1410070
CUST00625,2024-04-04,781,13,3,3,0.8797,174,9,1401885,540759
CUST00615,2024-04-04,831,7,6,2,0.6904,207,3,1752900,752515
CUST00438,2024-04-05,512,6,6,2,0.172,119,3,1417899,802890
CUST00807,2024-04-05,634,4,3,3,0.4908,23,2,986944,330987
CUST00172,2024-04-05,574,11,4,2,0.7219,2,5,625715,851870
CUST00865,2024-04-05,585,13,3,4,0.9373,37,2,1972040,530484
CUST00617,2024-04-06,653,7,0,0,0.6343,14,1,1480545,15480
CUST00464,2024-04-06,570,11,0,3,0.0247,108,9,1755895,612209
CUST00525,2024-04-06,763,10,0,4,0.4997,13,6,1190768,875764
CUST00281,2024-04-06,335,6,4,4,0.153,45,1,1045415,175934
CUST00720,2024-04-07,415,14,5,0,0.0478,101,6,116893,1169075
CUST00064,2024-04-07,835,11,4,0,0.5985,176,3,185110,991188
CUST00237,2024-04-07,829,2,9,3,0.7769,162,1,1428188,464951
CUST00205,2024-04-07,790,10,2,4,0.0361,14,4,487759,888246
CUST00665,2024-04-08,521,8,3,4,0.7836,216,7,209907,455485
CUST00197,2024-04-08,573,16,2,4,0.7064,132,0,1563977,971584
CUST00898,2024-04-08,315,6,2,0,0.752,84,3,1260033,230917
CUST00831,2024-04-08,467,19,5,2,0.2447,92,9,266750,916187
CUST00663,2024-04-09,735,12,3,3,0.3936,203,3,1024739,82646
CUST00587,2024-04-09,505,3,3,3,0.1198,112,0,966110,25008
CUST00174,2024-04-09,588,8,6,3,0.2389,59,4,57242,381466
CUST00714,2024-04-09,373,17,8,1,0.3028,102,6,1229461,261694
CUST00307,2024-04-10,597,5,2,2,0.3194,17,9,823542,736079
CUST00260,2024-04-10,733,14,1,2,0.175,37,6,1762776,248358
CUST00377,2024-04-10,643,15,2,4,0.1887,76,0,275662,366685
CUST00326,2024-04-10,634,14,5,1,0.9015,53,8,1701872,146927
CUST00129,2024-04-11,848,2,9,1,0.7839,84,7,62523,1330366
CUST00887,2024-04-11,440,8,1,0,0.3445,16,6,1540341,1103213
CUST00506,2024-04-11,479,7,0,0,0.9476,146,8,1576049,326489
CUST00482,2024-04-11,673,7,5,4,0.2389,28,7,845003,180205
CUST00264,2024-04-12,588,17,9,4,0.4068,52,2,597076,1275375
CUST00407,2024-04-12,887,1,5,1,0.8135,234,4,327386,1002291
CUST00631,2024-04-12,335,11,9,3,0.4429,2,5,712877,1328774
CUST00415,2024-04-12,373,19,6,2,0.2346,67,4,1355816,267585
CUST00354,2024-04-13,505,17,0,4,0.3685,120,6,1463517,538161
CUST00385,2024-04-13,575,12,4,1,0.5007,74,7,403512,177465
CUST00375,2024-04-13,834,19,7,4,0.6206,77,1,71722,635026
CUST00300,2024-04-13,596,8,5,1,0.4056,31,5,1144563,243795
CUST00881,2024-04-14,562,12,1,3,0.4313,102,0,1182531,6230
CUST00908,2024-04-14,400,11,1,1,0.2639,181,5,1962322,762605
CUST00771,2024-04-14,560,1,6,3,0.5353,141,4,1534605,1468587
CUST00568,2024-04-14,618,1,4,1,0.2195,221,2,1123104,968223
CUST00114,2024-04-15,650,18,5,4,0.8675,168,9,1204079,1135389
CUST00409,2024-04-15,663,4,3,3,0.7474,189,2,1308835,1217887
CUST00602,2024-04-15,557,7,3,1,0.4103,104,0,930879,1458331
CUST00475,2024-04-15,394,12,6,4,0.7472,147,3,1371272,192843
CUST00470,2024-04-16,391,11,0,3,0.007,139,7,431116,376131
CUST00239,2024-04-16,392,10,4,2,0.3445,195,0,1669257,924280
CUST00614,2024-04-16,671,19,3,0,0.4403,120,4,1730271,1231571
CUST00359,2024-04-16,813,15,7,4,0.4698,97,4,898212,1160759
CUST00428,2024-04-17,829,18,7,3,0.7487,17,8,940513,1091451
CUST00038,2024-04-17,486,13,4,3,0.9628,206,0,1020144,468607
CUST00725,2024-04-17,347,19,2,4,0.38,105,0,1643872,547256
CUST00542,2024-04-17,678,12,2,3,0.3506,191,5,393145,119573
CUST00611,2024-04-18,323,11,2,1,0.6105,163,1,715969,470851
CUST00719,2024-04-18,676,16,2,1,0.2813,1,7,1248625,233918
CUST00303,2024-04-18,529,17,7,0,0.1414,156,2,1402155,1407228
CUST00336,2024-04-18,803,2,0,0,0.9615,117,5,626728,137337
CUST00171,2024-04-19,675,18,0,3,0.8095,58,0,278496,545114
CUST00472,2024-04-19,743,14,5,4,0.9585,64,6,1039868,1330817
CUST00528,2024-04-19,543,18,2,0,0.2178,153,5,1295181,1433768
CUST00330,2024-04-19,804,14,8,2,0.0178,21,0,1544786,565052
CUST00555,2024-04-20,615,18,7,0,0.4373,145,2,55791,698128
CUST00591,2024-04-20,675,6,7,2,0.9336,203,0,84261,785022
CUST00292,2024-04-20,516,4,4,3,0.1383,21,0,803677,1233322
CUST00979,2024-04-20,569,4,4,4,0.1172,2,6,1149635,1153032
CUST00764,2024-04-21,804,5,4,4,0.069,15,4,56954,786168
CUST00325,2024-04-21,536,5,1,1,0.765,175,8,388217,557247
CUST00177,2024-04-21,312,9,5,4,0.7859,203,2,866869,558569
CUST00016,2024-04-21,527,4,8,3,0.6954,237,7,594797,973653
CUST00032,2024-04-22,535,4,2,1,0.0533,7,6,1435561,1252906
CUST00701,2024-04-22,551,10,0,1,0.7233,116,6,117690,115019
CUST00370,2024-04-22,342,16,5,0,0.4486,12,8,1782265,1153261
CUST00269,2024-04-22,377,3,3,4,0.1579,89,7,380452,721358
CUST00548,2024-04-23,494,10,7,1,0.2951,74,7,909246,217803
CUST00762,2024-04-23,554,13,8,1,0.5011,145,7,1973927,144778
CUST00998,2024-04-23,317,14,9,2,0.3297,218,4,1342192,505564
CUST00211,2024-04-23,533,2,3,0,0.9697,193,7,1997119,372426
CUST00981,2024-04-24,492,14,9,4,0.4747,16,8,88345,156168
CUST00013,2024-04-24,320,1,1,3,0.3722,58,7,1453703,440011
CUST00078,2024-04-24,450,5,3,0,0.6732,66,6,197611,1250570
CUST00018,2024-04-24,465,7,2,0,0.6505,60,0,1243120,1076375
CUST00217,2024-04-25,386,17,9,0,0.0024,85,4,685601,313555
CUST00773,2024-04-25,751,4,6,4,0.6185,146,0,1565163,1011156
CUST00649,2024-04-25,343,15,3,2,0.2438,177,1,292487,677548
CUST00035,2024-04-25,646,19,1,3,0.3752,225,3,1798280,1120620
CUST00651,2024-04-26,699,19,7,0,0.7063,168,4,987482,370934
CUST00562,2024-04-26,783,6,6,1,0.5574,72,5,1062644,92632
CUST00173,2024-04-26,627,2,8,2,0.3687,45,9,1163664,469262
CUST00875,2024-04-26,625,5,4,1,0.1674,91,7,118803,1490871
CUST00338,2024-04-27,756,15,1,3,0.5055,192,4,655299,833758
CUST00332,2024-04-27,812,4,3,4,0.3194,238,3,1433321,81630
CUST00213,2024-04-27,426,13,6,1,0.9129,94,7,1923613,1463093
CUST00551,2024-04-27,777,8,2,3,0.5343,43,2,1969974,1238621
CUST00843,2024-04-28,577,15,0,4,0.866,2,8,1094618,815549
CUST00776,2024-04-28,358,12,8,4,0.3902,19,7,553203,1110403
CUST00791,2024-04-28,667,12,5,0,0.8274,153,6,981265,277155
CUST00422,2024-04-28,886,15,3,0,0.0565,141,2,953757,887642
CUST00935,2024-04-29,384,19,5,4,0.2981,154,6,824619,1369486
CUST00858,2024-04-29,308,7,7,4,0.0782,6,8,754485,658285
CUST00570,2024-04-29,849,11,0,1,0.0317,105,0,1743247,58430
CUST00924,2024-04-29,658,12,4,2,0.9189,44,1,811411,1135698
CUST00457,2024-04-30,431,16,2,2,0.7169,81,5,107054,1095144
CUST00054,2024-04-30,775,10,0,3,0.6251,149,3,1456729,1109786
CUST00399,2024-04-30,536,8,0,3,0.5325,66,7,1346892,972639
CUST00316,2024-04-30,499,17,4,1,0.5696,158,4,787888,205767
CUST00479,2024-05-01,473,19,5,4,0.6387,70,9,1278485,171813
CUST00448,2024-05-01,659,11,5,0,0.8266,122,2,1885114,1188948
CUST00283,2024-05-01,380,2,7,0,0.5969,110,3,1852618,1282698
CUST00446,2024-05-01,517,6,4,4,0.7486,92,0,1589833,117835
CUST00891,2024-05-02,483,9,5,0,0.281,31,2,1187517,871537
CUST00919,2024-05-02,336,14,8,4,0.9768,138,2,103911,750819
CUST00990,2024-05-02,757,13,6,1,0.0319,237,7,1048810,525065
CUST00856,2024-05-02,305,16,9,1,0.3866,154,3,1646170,967622
CUST00790,2024-05-03,875,1,2,0,0.882,179,2,1697546,1371317
CUST00885,2024-05-03,356,9,7,4,0.1805,193,3,1557071,1232533
CUST00533,2024-05-03,514,14,6,1,0.1413,10,5,1973685,229640
CUST00414,2024-05-03,359,19,5,0,0.3654,190,7,1057162,694665
CUST00588,2024-05-04,520,3,0,2,0.4282,58,9,263921,1403595
CUST00709,2024-05-04,666,17,5,0,0.9334,159,0,1018793,355287
CUST00530,2024-05-04,352,1,8,3,0.8361,236,8,671492,1281092
CUST00684,2024-05-04,615,4,6,0,0.4641,214,3,1679277,735989
CUST00178,2024-05-05,763,17,0,2,0.973,100,8,1565420,782080
CUST00639,2024-05-05,573,15,2,1,0.6423,201,0,878331,375312
CUST00318,2024-05-05,367,19,5,0,0.8737,148,6,807071,1378922
CUST00723,2024-05-05,715,12,8,0,0.2461,32,9,360951,793088
CUST00130,2024-05-06,411,12,4,2,0.489,58,0,134173,862311
CUST00883,2024-05-06,310,11,8,1,0.0297,229,7,660152,693762
CUST00652,2024-05-06,562,10,7,0,0.0089,219,1,519984,133961
CUST00543,2024-05-06,462,10,2,0,0.7055,214,9,567144,1170756
CUST00995,2024-05-07,317,6,1,4,0.1183,92,7,1997022,492887
CUST00404,2024-05-07,766,17,9,3,0.5478,77,9,1378065,360135
CUST00086,2024-05-07,659,7,5,3,0.696,193,8,1125211,1173066
CUST00930,2024-05-07,845,12,8,4,0.0322,5,3,398803,299977
CUST00572,2024-05-08,588,13,9,0,0.4487,215,4,1690233,1024122
CUST00092,2024-05-08,563,11,4,3,0.6842,145,6,1307306,711278
CUST00012,2024-05-08,805,12,0,3,0.8897,152,1,1053887,1199916
CUST00598,2024-05-08,348,1,9,1,0.2992,105,3,958635,75756
CUST00500,2024-05-09,517,7,5,2,0.9742,235,0,1127506,1161878
CUST00294,2024-05-09,779,9,1,3,0.8445,180,8,1687338,344010
CUST00258,2024-05-09,475,8,5,3,0.6506,13,2,1454247,1305934
CUST00732,2024-05-09,831,18,0,1,0.3919,126,4,995747,530557
CUST00803,2024-05-10,470,18,2,3,0.7111,206,4,1351866,10485
CUST00683,2024-05-10,548,14,3,3,0.8162,19,3,1863117,731444
CUST00629,2024-05-10,838,7,4,0,0.3033,177,7,686170,82102
CUST00221,2024-05-10,446,1,5,2,0.9928,59,9,1805914,404155
CUST00327,2024-05-11,880,15,8,2,0.9086,122,5,1233243,1075024
CUST00040,2024-05-11,326,17,3,1,0.4855,211,8,411310,840954
CUST00051,2024-05-11,459,10,7,0,0.7228,118,1,1935558,1063140
CUST00747,2024-05-11,654,16,9,0,0.524,10,9,1388024,1317621
CUST00584,2024-05-12,656,18,7,3,0.7609,5,1,802572,702007
CUST00554,2024-05-12,845,11,2,4,0.827,177,0,468518,815591
CUST00532,2024-05-12,875,4,6,2,0.0232,223,0,1835781,87383
CUST00657,2024-05-12,706,1,2,4,0.0791,70,2,1655443,430259
CUST00697,2024-05-13,695,15,4,4,0.3365,224,8,136811,1086351
CUST00262,2024-05-13,490,11,6,3,0.9176,109,3,1289660,92971
CUST00827,2024-05-13,783,3,2,2,0.3983,15,7,273505,538829
CUST00707,2024-05-13,685,2,0,4,0.8875,127,4,623529,204999
CUST00556,2024-05-14,314,19,8,3,0.4624,233,1,1157634,1286044
CUST00234,2024-05-14,799,7,7,4,0.2889,60,4,535791,841826
CUST00253,2024-05-14,515,7,1,4,0.9006,230,2,1049357,966704
CUST00735,2024-05-14,585,12,3,0,0.5607,156,2,887676,1025563
CUST00124,2024-05-15,591,7,2,3,0.3605,95,5,1183923,336461
CUST00689,2024-05-15,791,18,9,3,0.0444,166,7,1611409,74501
CUST00579,2024-05-15,460,13,9,4,0.1109,96,5,352606,596659
CUST00265,2024-05-15,535,7,6,1,0.1393,21,2,1602515,278324
CUST00676,2024-05-16,323,6,4,4,0.3648,209,7,483616,482991
CUST00062,2024-05-16,509,17,0,2,0.6073,90,6,115083,478621
CUST00999,2024-05-16,353,12,2,1,0.3076,136,2,920521,1173007
CUST00705,2024-05-16,649,18,0,0,0.0655,178,8,639460,479659
CUST00311,2024-05-17,835,7,7,1,0.2648,20,8,409829,227026
CUST00623,2024-05-17,578,1,0,4,0.4087,173,6,874559,1437610
CUST00026,2024-05-17,847,18,6,3,0.9923,88,2,1744271,73605
CUST00312,2024-05-17,886,5,9,3,0.393,131,3,1191884,305655
CUST00153,2024-05-18,332,17,3,4,0.0892,110,4,1469281,520895
CUST00612,2024-05-18,609,14,6,1,0.5811,186,1,341577,93780
CUST00859,2024-05-18,616,5,8,3,0.9196,45,3,197866,1349149
CUST00248,2024-05-18,531,15,4,1,0.7867,26,1,703801,529522
CUST00226,2024-05-19,798,2,4,4,0.8362,99,1,1560123,1173379
CUST00244,2024-05-19,536,8,2,2,0.9282,29,7,1776914,201662
CUST00668,2024-05-19,333,7,4,4,0.6365,59,1,248405,782439
CUST00590,2024-05-19,628,13,8,3,0.9949,158,4,979267,189872
CUST00736,2024-05-20,421,11,6,3,0.0333,196,4,823190,347468
CUST00918,2024-05-20,512,12,2,4,0.8348,166,0,1501079,611175
CUST00690,2024-05-20,601,10,5,3,0.857,76,8,450732,1294067
CUST00577,2024-05-20,733,15,7,1,0.9167,195,9,995318,459586
CUST00974,2024-05-21,466,4,0,2,0.4782,98,6,1707134,1132172
CUST00088,2024-05-21,528,14,7,2,0.7878,44,6,956716,137590
CUST00157,2024-05-21,340,1,2,0,0.1951,181,2,1573492,377308
CUST00141,2024-05-21,530,2,2,2,0.6031,124,8,1262754,906455
CUST00514,2024-05-22,648,14,4,2,0.3586,89,7,1214932,702383
CUST00342,2024-05-22,670,4,5,1,0.5962,158,4,555760,752549
CUST00361,2024-05-22,475,15,9,0,0.6756,174,7,1985351,1017424
CUST00219,2024-05-22,336,3,2,2,0.3471,54,9,537114,115649
CUST00198,2024-05-23,646,3,2,2,0.2162,29,6,1865431,1043207
CUST00431,2024-05-23,693,18,3,0,0.3217,124,1,1979240,1294116
CUST00282,2024-05-23,351,4,8,3,0.664,13,3,1047204,1149170
CUST00580,2024-05-23,602,18,9,0,0.6769,153,1,1744534,427069
CUST00301,2024-05-24,357,7,4,0,0.7413,106,3,1444425,526417
CUST00490,2024-05-24,571,16,6,2,0.1265,52,8,1488622,1442071
CUST00085,2024-05-24,684,18,9,1,0.8185,144,1,183594,1184969
CUST00801,2024-05-24,731,3,8,4,0.6881,90,8,317431,1397307
CUST00538,2024-05-25,728,7,6,0,0.0305,93,2,185756,1370219
CUST00169,2024-05-25,754,11,5,1,0.3356,52,4,108938,651144
CUST00047,2024-05-25,444,17,9,3,0.4667,162,5,1680155,194143
CUST00232,2024-05-25,807,4,2,1,0.3606,216,1,392054,342850
CUST00227,2024-05-26,509,4,3,4,0.1174,148,1,62353,441293
CUST00937,2024-05-26,524,7,7,3,0.2073,57,3,1878575,1252279
CUST00717,2024-05-26,772,4,0,4,0.0246,200,0,593575,414367
CUST00738,2024-05-26,496,6,5,4,0.0931,29,7,1641765,541928
CUST00170,2024-05-27,344,3,8,0,0.2663,70,5,1923020,1276961
CUST00110,2024-05-27,728,16,1,2,0.82,9,8,1069998,245326
CUST00848,2024-05-27,697,16,8,3,0.5266,203,8,1857104,995422
CUST00912,2024-05-27,649,3,4,0,0.4245,11,3,1939122,827411
CUST00184,2024-05-28,385,11,8,2,0.6622,131,8,331365,1476675
CUST00727,2024-05-28,679,13,6,3,0.5415,46,0,335835,734103
CUST00606,2024-05-28,419,12,1,3,0.1315,51,4,771380,781851
CUST00871,2024-05-28,633,19,7,2,0.2226,146,6,1140343,1275026
CUST00031,2024-05-29,604,13,0,4,0.2225,193,4,1582772,1487527
CUST00993,2024-05-29,763,14,2,3,0.6,5,7,407283,1093922
CUST00578,2024-05-29,885,1,8,0,0.4616,38,8,427134,1047119
CUST00648,2024-05-29,414,2,8,1,0.3876,69,4,647535,1314209
CUST00589,2024-05-30,368,12,0,4,0.5566,226,2,579218,1469590
CUST00823,2024-05-30,633,18,3,0,0.9701,14,5,1883263,1102054
CUST00366,2024-05-30,871,8,0,0,0.3142,43,8,822181,438563
CUST00832,2024-05-30,394,13,2,1,0.5202,97,9,1743143,963262
CUST00780,2024-05-31,592,4,9,4,0.4804,78,8,158970,354273
CUST00252,2024-05-31,544,9,1,3,0.7166,12,2,248507,750265
CUST00855,2024-05-31,490,15,6,0,0.7303,130,2,1617046,666693
CUST00027,2024-05-31,698,13,8,1,0.7291,146,5,536610,1481329
CUST00469,2024-06-01,477,3,8,4,0.2015,43,4,211113,831504
CUST00774,2024-06-01,595,17,3,1,0.4491,165,6,1209289,1438747
CUST00328,2024-06-01,807,18,6,2,0.8112,14,9,337203,1212204
CUST00120,2024-06-01,527,10,4,2,0.3815,175,5,169637,1273279
CUST00960,2024-06-02,312,7,1,3,0.9843,62,3,841927,253911
CUST00084,2024-06-02,830,11,2,3,0.3648,54,8,1122665,1162978
CUST00671,2024-06-02,464,16,7,4,0.4977,47,4,1078351,377224
CUST00903,2024-06-02,763,9,6,0,0.4745,208,6,1189758,866339
CUST00921,2024-06-03,757,1,5,2,0.4337,121,1,96070,729233
CUST00755,2024-06-03,615,2,7,3,0.8456,165,5,617386,389630
CUST00484,2024-06-03,352,16,6,2,0.1553,49,4,719752,1477300
CUST00973,2024-06-03,870,15,3,3,0.5677,14,1,621589,1313158
CUST00440,2024-06-04,708,15,2,3,0.6186,10,2,1140144,861373
CUST00938,2024-06-04,554,3,9,1,0.8512,106,7,496704,16224
CUST00081,2024-06-04,812,4,9,0,0.6092,79,1,1282386,274903
CUST00449,2024-06-04,772,8,0,4,0.96,184,1,1874568,341159
CUST00014,2024-06-05,756,5,7,4,0.8722,189,0,1338467,1457871
CUST00808,2024-06-05,400,8,1,4,0.3487,75,0,808298,605598
CUST00056,2024-06-05,679,11,8,1,0.8599,104,4,897703,70101
CUST00125,2024-06-05,471,6,5,1,0.9585,92,4,1191274,879235
CUST00802,2024-06-06,347,3,6,1,0.2572,162,6,1461739,1425653
CUST00417,2024-06-06,502,8,7,0,0.6102,151,5,638070,841318
CUST00390,2024-06-06,362,14,6,0,0.2818,156,5,124906,666017
CUST00513,2024-06-06,363,12,2,1,0.6496,14,9,1420194,263723
CUST00873,2024-06-07,736,7,8,4,0.0936,81,2,1340005,1318188
CUST00335,2024-06-07,601,6,5,1,0.7342,232,7,247810,157197
CUST00619,2024-06-07,538,12,5,2,0.4198,82,0,1271785,1400292
CUST00929,2024-06-07,415,4,3,2,0.5873,42,8,189701,333493
CUST00015,2024-06-08,762,16,0,1,0.0259,48,3,1304036,207248
CUST00866,2024-06-08,680,17,5,4,0.6954,7,3,1501353,523063
CUST00635,2024-06-08,651,1,3,0,0.496,187,1,80263,7441
CUST00945,2024-06-08,414,19,6,4,0.6253,2,5,1467002,21080
CUST00624,2024-06-09,374,1,3,3,0.3157,143,3,284872,279712
CUST00231,2024-06-09,374,9,9,1,0.1458,96,9,566752,1038683
CUST00381,2024-06-09,315,13,6,3,0.4354,23,1,1424444,1221701
CUST00456,2024-06-09,881,7,4,2,0.944,212,4,742341,371591
CUST00340,2024-06-10,520,4,7,4,0.2278,178,9,1955220,966785
CUST00640,2024-06-10,694,1,6,0,0.6758,196,8,1916657,527106
CUST00146,2024-06-10,889,14,6,0,0.0498,224,7,1974469,649439
CUST00276,2024-06-10,861,1,5,2,0.7181,218,5,253444,502352
CUST00763,2024-06-11,492,10,9,4,0.2384,168,8,393761,1337165
CUST00279,2024-06-11,593,8,3,0,0.4515,128,2,407136,767744
CUST00800,2024-06-11,577,19,4,3,0.3678,167,8,1191430,759364
CUST00256,2024-06-11,320,18,2,4,0.1128,108,5,888574,1289699
CUST00367,2024-06-12,760,16,5,2,0.3456,44,3,1504420,985890
CUST00278,2024-06-12,644,14,9,4,0.3501,93,2,600092,224084
CUST00259,2024-06-12,522,11,6,3,0.5221,112,5,439523,283190
CUST00644,2024-06-12,634,7,2,1,0.9724,12,0,1315566,511090
CUST00436,2024-06-13,741,4,9,4,0.47,203,7,1253662,146823
CUST00706,2024-06-13,308,19,7,3,0.9144,218,2,1396673,1038043
CUST00914,2024-06-13,687,8,4,0,0.4616,101,3,658524,743004
CUST00733,2024-06-13,816,9,1,2,0.1075,119,1,1076456,66347
CUST00642,2024-06-14,735,3,4,3,0.2302,201,4,1860285,600700
CUST00305,2024-06-14,671,6,8,4,0.4075,109,3,1241834,1244967
CUST00894,2024-06-14,354,13,5,3,0.3254,165,1,1868357,1360578
CUST00401,2024-06-14,746,9,1,2,0.8658,124,8,895170,1442737
CUST00425,2024-06-15,750,12,1,1,0.6786,65,7,137443,1383866
CUST00962,2024-06-15,596,5,9,0,0.5783,190,3,1532755,911455
CUST00567,2024-06-15,649,2,4,0,0.4912,47,0,947887,1390772
CUST00845,2024-06-15,671,17,6,3,0.3973,54,8,132092,1434762
CUST00187,2024-06-16,372,9,3,4,0.6122,166,6,320532,952930
CUST00383,2024-06-16,454,7,0,0,0.1246,170,5,660138,619592
CUST00751,2024-06-16,775,6,4,3,0.1625,229,6,422443,1449140
CUST00702,2024-06-16,884,13,6,2,0.3031,170,0,1384638,622547
CUST00620,2024-06-17,462,11,3,0,0.1712,6,4,1241761,249570
CUST00379,2024-06-17,540,8,6,1,0.6771,204,1,692807,159373
CUST00004,2024-06-17,849,18,4,1,0.0248,99,6,215080,851173
CUST00466,2024-06-17,397,18,3,3,0.1602,3,9,203143,53170
CUST00847,2024-06-18,456,4,2,1,0.9026,139,5,1893989,177904
CUST00632,2024-06-18,333,13,2,4,0.9975,41,6,722776,366756
CUST00206,2024-06-18,440,19,2,1,0.4876,100,6,259219,794741
CUST00003,2024-06-18,681,10,7,0,0.4954,113,9,1437414,717192
CUST00744,2024-06-19,508,1,3,0,0.7734,18,0,1746434,766796
CUST00030,2024-06-19,890,3,7,2,0.0362,204,3,287870,761523
CUST00870,2024-06-19,834,13,3,2,0.427,122,2,1892596,1491257
CUST00309,2024-06-19,837,18,3,3,0.0998,231,7,1463031,326363
CUST00376,2024-06-20,735,3,9,2,0.4009,112,4,541477,711070
CUST00067,2024-06-20,721,11,8,0,0.9838,143,7,1562138,919208
CUST00950,2024-06-20,605,10,4,1,0.7536,195,4,868895,410918
CUST00291,2024-06-20,894,6,2,2,0.985,51,9,1288836,271808
CUST00582,2024-06-21,357,13,7,1,0.746,218,7,297465,69981
CUST00196,2024-06-21,733,17,0,3,0.6081,45,0,526256,489316
CUST00646,2024-06-21,384,5,4,4,0.7542,239,9,1558183,381265
CUST00860,2024-06-21,503,2,5,1,0.6591,153,9,1620325,293564
CUST00139,2024-06-22,453,7,6,2,0.4641,124,0,71314,406899
CUST00926,2024-06-22,660,6,1,4,0.2925,51,3,468162,1044995
CUST00729,2024-06-22,772,14,0,1,0.5202,137,9,1234685,1241281
CUST00561,2024-06-22,347,11,2,2,0.2585,133,8,1816350,774858
CUST00941,2024-06-23,660,1,1,1,0.4867,236,4,1364881,99809
CUST00512,2024-06-23,433,7,5,3,0.1461,200,5,1427959,1104151
CUST00789,2024-06-23,346,14,9,3,0.5654,116,0,807849,227995
CUST00897,2024-06-23,550,10,2,0,0.2453,94,5,156703,85872
CUST00741,2024-06-24,648,11,4,0,0.2936,93,6,1543532,852691
CUST00230,2024-06-24,421,6,2,0,0.499,91,3,1608609,638043
CUST00515,2024-06-24,533,7,0,0,0.1625,4,3,914432,467751
CUST00545,2024-06-24,872,3,7,0,0.9624,9,8,1037545,1450437
CUST00280,2024-06-25,508,2,2,3,0.4469,180,4,508349,136834
CUST00460,2024-06-25,897,1,5,4,0.3523,61,2,932665,80429
CUST00487,2024-06-25,800,12,6,2,0.0292,99,3,521812,881234
CUST00434,2024-06-25,522,3,8,4,0.8433,167,4,869996,627568
CUST00189,2024-06-26,646,11,1,3,0.6258,146,2,311388,1202311
CUST00455,2024-06-26,725,19,5,4,0.4164,87,5,1232928,60597
CUST00331,2024-06-26,578,14,9,3,0.2455,180,8,532681,629065
CUST00069,2024-06-26,544,11,4,0,0.7451,38,7,1462928,219979
CUST00558,2024-06-27,497,3,0,2,0.9455,113,2,1059608,61776
CUST00798,2024-06-27,383,10,2,2,0.3808,26,4,1797154,693789
CUST00539,2024-06-27,314,17,7,3,0.1349,128,5,481281,1102272
CUST00136,2024-06-27,502,8,7,3,0.1092,23,6,582242,236270
CUST00496,2024-06-28,777,16,3,0,0.0064,226,7,523929,1263432
CUST00320,2024-06-28,440,14,1,3,0.744,158,4,1280013,778133
CUST00968,2024-06-28,407,6,2,4,0.9814,59,3,258363,720743
CUST00132,2024-06-28,496,3,2,0,0.9928,147,6,1388368,1384097
CUST00626,2024-06-29,659,1,7,2,0.7842,84,1,1647136,493747
CUST00138,2024-06-29,429,6,8,4,0.1622,124,6,1365854,300611
CUST00473,2024-06-29,432,7,0,0,0.9777,40,8,312608,1179414
CUST00693,2024-06-29,367,13,7,0,0.3278,120,7,1011351,160779
CUST00822,2024-06-30,499,11,7,4,0.3336,26,4,1090285,1308143
CUST00180,2024-06-30,430,10,6,0,0.6873,37,8,812493,1237914
CUST00610,2024-06-30,798,14,8,3,0.049,140,5,959334,1465483
CUST00900,2024-06-30,843,15,0,4,0.8258,120,5,1536638,690404
CUST00890,2024-07-01,522,14,6,2,0.9973,71,8,1677490,933293
CUST00193,2024-07-01,351,18,1,2,0.7751,15,1,635019,1323916
CUST00215,2024-07-01,352,7,8,2,0.7817,102,7,693171,197414
CUST00531,2024-07-01,494,16,4,1,0.3903,222,6,455703,459184
CUST00229,2024-07-02,578,8,0,1,0.0659,170,5,833469,707778
CUST00471,2024-07-02,617,4,7,2,0.7927,14,0,1114366,941298
CUST00245,2024-07-02,482,3,7,4,0.5972,225,7,1441444,1018752
CUST00212,2024-07-02,512,2,4,4,0.9093,102,2,571841,1384970
CUST00076,2024-07-03,470,19,3,4,0.116,138,8,471863,733996
CUST00849,2024-07-03,610,4,0,0,0.3051,1,7,114804,257543
CUST00819,2024-07-03,718,16,9,1,0.3607,75,3,233086,284855
CUST00396,2024-07-03,326,15,1,3,0.6833,188,4,150572,1201092
CUST00703,2024-07-04,587,9,8,2,0.7877,80,0,454375,691552
CUST00005,2024-07-04,689,18,5,1,0.961,40,4,1405270,947275
CUST00940,2024-07-04,703,18,6,1,0.2954,22,0,1559703,844287
CUST00183,2024-07-04,638,18,6,0,0.4936,222,9,1947634,1219420
CUST00380,2024-07-05,615,10,8,1,0.029,195,6,1112933,327670
CUST00238,2024-07-05,708,6,0,2,0.253,11,2,936642,256040
CUST00785,2024-07-05,527,1,9,2,0.374,222,8,1803795,1100313
CUST00050,2024-07-05,640,16,0,2,0.5938,197,0,336769,651129
CUST00740,2024-07-06,491,17,9,1,0.4708,87,5,1278996,1223687
CUST00931,2024-07-06,562,11,2,1,0.3645,157,1,1645262,193255
CUST00133,2024-07-06,374,2,8,4,0.6241,62,0,1029977,407822
CUST00517,2024-07-06,510,16,0,2,0.8286,60,2,559799,1440123
CUST00975,2024-07-07,385,6,4,1,0.2417,171,2,1260690,1265505
CUST00275,2024-07-07,435,11,5,3,0.3429,49,7,1991471,94037
CUST00977,2024-07-07,551,13,9,2,0.7049,85,8,510090,1225275
CUST00854,2024-07-07,600,3,1,2,0.7779,86,7,1148365,98225
CUST00175,2024-07-08,865,2,0,1,0.8254,36,7,148990,180453
CUST00001,2024-07-08,315,2,6,3,0.2093,198,5,503633,1347234
CUST00874,2024-07-08,839,19,0,0,0.5393,162,3,1545795,189032
CUST00656,2024-07-08,496,19,7,4,0.9,207,2,1017209,451143
CUST00824,2024-07-09,734,9,0,2,0.392,126,9,438493,203033
CUST00101,2024-07-09,706,9,9,2,0.4299,42,5,703993,895530
CUST00509,2024-07-09,882,8,5,1,0.9848,67,5,285863,85777
CUST00296,2024-07-09,365,7,9,2,0.1131,85,0,1569970,431213
CUST00954,2024-07-10,880,11,1,3,0.7056,226,4,1888596,489497
CUST00585,2024-07-10,337,7,2,2,0.8502,57,6,256340,973137
CUST00983,2024-07-10,826,12,4,0,0.1508,166,4,513977,744771
CUST00317,2024-07-10,691,8,0,2,0.7145,30,6,1721155,288704
CUST00946,2024-07-11,589,12,1,1,0.4697,229,8,1763403,696456
CUST00734,2024-07-11,538,18,3,0,0.8529,155,0,1546306,688304
CUST00850,2024-07-11,356,4,7,4,0.9075,103,9,1444340,530565
CUST00202,2024-07-11,781,2,7,1,0.8725,83,8,1729659,800238
CUST00917,2024-07-12,736,11,0,2,0.0644,85,4,778285,489209
CUST00297,2024-07-12,862,3,0,0,0.7569,54,7,1795237,500464
CUST00400,2024-07-12,738,5,6,1,0.9215,144,0,1778895,1175037
CUST00066,2024-07-12,874,16,3,1,0.6213,207,3,498066,377550
CUST00480,2024-07-13,832,8,7,0,0.6009,58,1,192363,493525
CUST00468,2024-07-13,555,11,2,4,0.045,179,6,1065961,210310
CUST00730,2024-07-13,722,15,3,1,0.856,136,8,1528690,1047212
CUST00287,2024-07-13,458,3,2,2,0.0464,185,6,1707348,1059216
CUST00886,2024-07-14,777,10,2,2,0.3135,184,7,327795,1017155
CUST00102,2024-07-14,665,1,7,2,0.9259,10,1,785906,252424
CUST00002,2024-07-14,564,10,4,2,0.9497,6,9,1547307,677375
CUST00769,2024-07-14,676,5,6,2,0.9919,219,1,167794,438189
CUST00186,2024-07-15,466,18,0,0,0.4764,38,5,1459718,1145556
CUST00760,2024-07-15,673,5,5,3,0.1774,138,6,618686,505363
CUST00696,2024-07-15,584,4,4,0,0.4879,180,8,93770,623932
CUST00339,2024-07-15,493,1,9,2,0.1023,121,9,521744,681550
CUST00571,2024-07-16,885,3,4,1,0.8725,2,5,1496554,1141181
CUST00660,2024-07-16,338,5,1,2,0.5605,3,5,1746622,1053853
CUST00214,2024-07-16,754,5,6,0,0.4045,161,4,208497,1229972
CUST00670,2024-07-16,426,15,1,3,0.0795,215,5,954500,641917
CUST00435,2024-07-17,433,17,9,2,0.4052,83,6,442289,1229409
CUST00158,2024-07-17,392,17,3,0,0.8662,130,6,1382911,1306640
CUST00594,2024-07-17,361,19,7,0,0.7034,224,5,1572341,785858
CUST00441,2024-07-17,374,18,6,2,0.0825,198,4,1926132,1019678
CUST00925,2024-07-18,799,9,4,3,0.1599,130,1,742105,1364338
CUST00112,2024-07-18,855,8,5,2,0.3923,157,0,633416,1257730
CUST00306,2024-07-18,650,13,1,3,0.1014,230,4,654179,414658
CUST00511,2024-07-18,308,7,0,3,0.934,191,3,1534339,1074530
CUST00019,2024-07-19,818,12,7,4,0.6523,100,6,917903,668941
CUST00432,2024-07-19,661,19,9,4,0.0948,166,9,94390,222947
CUST00045,2024-07-19,612,4,8,4,0.7881,79,7,1897851,557681
CUST00053,2024-07-19,868,15,3,3,0.3684,221,8,253026,1466890
CUST00956,2024-07-20,545,18,3,2,0.2449,23,5,1859943,1436841
CUST00842,2024-07-20,516,11,3,2,0.57,54,9,365636,1179879
CUST00586,2024-07-20,767,7,7,3,0.0134,83,9,1099362,1485543
CUST00786,2024-07-20,616,5,6,0,0.4654,49,1,659215,859082
CUST00987,2024-07-21,730,4,7,3,0.8438,143,6,1389253,1136349
CUST00986,2024-07-21,717,7,9,2,0.9281,171,5,835825,247846
CUST00108,2024-07-21,803,15,3,2,0.3426,213,9,766317,448146
CUST00501,2024-07-21,490,10,6,4,0.6424,120,5,980180,259020
CUST00815,2024-07-22,343,5,5,3,0.2268,149,0,1943144,1406348
CUST00095,2024-07-22,586,11,9,4,0.5602,144,2,528396,921496
CUST00042,2024-07-22,688,16,3,4,0.254,1,1,478456,1398901
CUST00055,2024-07-22,790,1,1,4,0.5714,170,2,179119,624295
CUST00559,2024-07-23,460,1,3,1,0.1717,6,0,1490367,605169
CUST00597,2024-07-23,747,19,6,0,0.9412,131,7,1371170,1013789
CUST00029,2024-07-23,799,15,9,1,0.8869,239,4,1237082,851862
CUST00857,2024-07-23,785,11,8,3,0.3369,189,6,96139,558641
CUST00953,2024-07-24,784,18,0,4,0.7767,122,9,1591632,476382
CUST00199,2024-07-24,892,12,5,4,0.0955,77,6,1628467,769267
CUST00090,2024-07-24,696,10,1,3,0.7404,201,4,1892766,113315
CUST00406,2024-07-24,522,5,3,3,0.2825,206,2,1861851,281937
CUST00430,2024-07-25,561,16,9,4,0.1356,88,7,563195,65643
CUST00662,2024-07-25,748,15,9,3,0.6782,26,5,1435219,232801
CUST00569,2024-07-25,441,6,1,0,0.4698,140,7,835160,297998
CUST00080,2024-07-25,661,15,1,2,0.5301,152,0,1212123,113467
CUST00782,2024-07-26,643,14,6,1,0.5205,224,1,698365,83182
CUST00070,2024-07-26,699,2,4,3,0.0594,213,1,1331186,1229458
CUST00991,2024-07-26,552,4,4,3,0.0514,55,6,1907872,274010
CUST00477,2024-07-26,743,12,8,1,0.6012,61,5,1321832,833079
CUST00098,2024-07-27,342,12,9,1,0.6239,239,3,1845657,147818
CUST00028,2024-07-27,749,13,9,0,0.0472,79,3,1866825,1420711
CUST00145,2024-07-27,787,8,7,1,0.3784,110,6,281813,358452
CUST00161,2024-07-27,831,16,9,4,0.6129,74,9,1930396,1124229
CUST00840,2024-07-28,853,9,7,3,0.6567,95,9,1645637,961775
CUST00718,2024-07-28,509,4,8,4,0.8283,135,4,882087,1153144
CUST00091,2024-07-28,327,3,5,4,0.4207,70,6,1220154,943724
CUST00058,2024-07-28,692,17,0,4,0.5483,99,0,1253304,763587
CUST00748,2024-07-29,354,14,8,0,0.5786,85,9,1583450,1158194
CUST00302,2024-07-29,468,9,9,1,0.312,26,0,1615473,1223180
CUST00552,2024-07-29,721,4,3,0,0.0538,189,3,249755,569891
CUST00529,2024-07-29,656,2,4,0,0.0042,214,7,52024,1413095
CUST00596,2024-07-30,663,3,5,1,0.8361,118,9,530665,1481238
CUST00443,2024-07-30,750,3,6,1,0.2002,49,1,1077681,1082610
CUST00104,2024-07-30,398,11,6,0,0.6303,154,6,1705928,1393422
CUST00688,2024-07-30,774,4,3,4,0.577,128,1,1323108,158383
CUST00902,2024-07-31,651,3,8,2,0.3996,132,0,314976,810498
CUST00156,2024-07-31,552,6,8,3,0.8335,143,4,1448550,976529
CUST00024,2024-07-31,578,14,9,3,0.6984,172,5,962956,1391575
CUST00011,2024-07-31,605,10,5,4,0.0227,10,2,769139,180649
CUST00362,2024-08-01,630,3,0,0,0.7767,24,9,1554731,1209113
CUST00043,2024-08-01,500,15,8,1,0.507,23,6,626506,115833
CUST00065,2024-08-01,433,10,0,1,0.347,37,4,1256407,537157
CUST00787,2024-08-01,401,4,1,2,0.7269,233,4,405178,1039350
CUST00901,2024-08-02,504,14,2,2,0.6861,175,4,794050,436469
CUST00118,2024-08-02,456,19,1,3,0.3106,159,1,1137740,1252178
CUST00508,2024-08-02,609,11,7,2,0.983,168,6,1265656,1395775
CUST00249,2024-08-02,847,4,4,1,0.6487,9,7,1842641,238262
CUST00021,2024-08-03,364,6,2,2,0.6058,51,4,616174,387131
CUST00195,2024-08-03,485,12,0,4,0.0699,190,4,1797157,111222
CUST00913,2024-08-03,329,19,2,2,0.2793,111,9,1642383,1065145
CUST00421,2024-08-03,884,18,6,2,0.447,122,6,751933,1329784
CUST00267,2024-08-04,720,18,7,0,0.6306,180,2,323163,902437
CUST00754,2024-08-04,444,16,2,0,0.5128,18,0,552817,198314
CUST00828,2024-08-04,548,11,0,1,0.763,191,8,1332731,260612
CUST00289,2024-08-04,733,13,5,0,0.2626,163,6,1588147,52629
CUST00721,2024-08-05,874,14,7,2,0.7022,97,6,1243930,734991
CUST00350,2024-08-05,644,14,0,4,0.8166,120,2,1463711,1081581
CUST00806,2024-08-05,462,13,7,2,0.765,18,1,248299,225025
CUST00895,2024-08-05,718,3,1,3,0.7708,49,4,1035412,1271573
CUST00246,2024-08-06,711,17,2,4,0.8885,59,7,1753881,379039
CUST00353,2024-08-06,686,1,6,3,0.0842,210,2,808609,771710
CUST00770,2024-08-06,327,9,0,3,0.6972,27,5,1802820,1001453
CUST00557,2024-08-06,724,9,3,3,0.9687,70,9,291405,809887
CUST00650,2024-08-07,311,19,1,1,0.5737,32,2,1958540,716824
CUST00779,2024-08-07,843,2,2,2,0.2173,69,2,1581020,505290
CUST00096,2024-08-07,829,10,7,1,0.9988,3,2,1271143,645020
CUST00958,2024-08-07,638,7,2,3,0.1747,66,9,1254055,357694
CUST00209,2024-08-08,687,2,0,2,0.3356,173,5,1875838,441779
CUST00504,2024-08-08,340,5,2,4,0.1721,184,9,784919,1132848
CUST00583,2024-08-08,824,9,0,0,0.4645,91,9,371622,1323892
CUST00994,2024-08-08,462,18,6,0,0.4189,169,4,1841636,1273926
CUST00829,2024-08-09,457,8,9,3,0.4912,148,0,250377,496423
CUST00034,2024-08-09,724,17,1,3,0.928,216,3,1336361,481867
CUST00324,2024-08-09,863,14,7,3,0.4783,193,5,568678,87451
CUST00025,2024-08-09,596,16,3,1,0.5146,55,3,1862015,410728
CUST00235,2024-08-10,604,17,0,0,0.8867,141,0,1948652,878391
CUST00201,2024-08-10,629,14,6,1,0.8178,188,9,975104,401687
CUST00687,2024-08-10,474,14,2,2,0.2397,74,3,1089858,1100203
CUST00758,2024-08-10,657,3,5,2,0.0129,137,6,936504,75893
CUST00049,2024-08-11,876,14,5,4,0.6295,96,9,879182,617736
CUST00488,2024-08-11,529,1,5,4,0.8448,74,5,1877616,421612
CUST00135,2024-08-11,763,15,1,3,0.5529,48,6,609856,741432
CUST00387,2024-08-11,764,13,2,0,0.2112,9,0,1921593,38476
CUST00643,2024-08-12,810,15,7,0,0.7414,180,6,1318318,628164
CUST00451,2024-08-12,734,13,9,2,0.6695,196,8,1923496,1182611
CUST00392,2024-08-12,852,8,0,3,0.565,156,9,1243589,1285435
CUST00240,2024-08-12,728,8,4,3,0.8633,58,0,1646849,383890
CUST00286,2024-08-13,885,12,8,1,0.7842,5,2,1005450,643191
CUST00087,2024-08-13,729,9,2,0,0.668,151,0,951691,1035232
CUST00518,2024-08-13,802,7,4,1,0.6648,48,9,552101,695592
CUST00356,2024-08-13,834,10,9,3,0.6622,132,2,460083,814782
CUST00911,2024-08-14,890,11,9,4,0.5252,232,5,123498,512270
CUST00352,2024-08-14,657,5,6,4,0.4639,2,4,797709,1256195
CUST00423,2024-08-14,726,13,6,2,0.7096,138,6,1976092,947253
CUST00481,2024-08-14,880,6,6,0,0.6105,238,8,1879680,1440568
CUST00712,2024-08-15,528,6,2,4,0.49,80,3,1395932,1169723
CUST00907,2024-08-15,371,8,8,0,0.1267,195,7,758930,550937
CUST00749,2024-08-15,830,2,0,1,0.7019,198,2,1064715,491727
CUST00711,2024-08-15,679,12,0,4,0.646,117,1,1525598,132511
CUST00943,2024-08-16,557,14,6,2,0.3422,74,1,53920,933689
CUST00006,2024-08-16,730,19,8,0,0.3563,163,3,1849858,1124468
CUST00731,2024-08-16,319,6,8,2,0.2467,149,5,1747368,531325
CUST00416,2024-08-16,586,11,6,0,0.9619,114,7,1942264,31953
CUST00371,2024-08-17,459,10,3,1,0.8602,47,8,233992,1238305
CUST00391,2024-08-17,472,14,3,4,0.561,178,5,1897964,334445
CUST00757,2024-08-17,881,12,4,1,0.4017,51,4,1246323,873403
CUST00203,2024-08-17,630,16,2,4,0.7368,33,1,1132362,79876
CUST00682,2024-08-18,384,17,4,2,0.5277,17,9,400077,94142
CUST00263,2024-08-18,518,3,1,3,0.9759,107,3,1009166,1347222
CUST00160,2024-08-18,445,7,3,3,0.0551,29,7,758439,1008740
CUST00844,2024-08-18,845,13,9,2,0.0343,81,6,1975898,7945
CUST00427,2024-08-19,474,11,7,0,0.5686,58,9,712437,150984
CUST00812,2024-08-19,514,10,1,4,0.2033,110,9,475449,739113
CUST00341,2024-08-19,500,4,2,2,0.6043,186,7,1895436,1020548
CUST00923,2024-08-19,405,11,2,3,0.7814,108,6,415684,635998
CUST00851,2024-08-20,768,15,2,2,0.1381,134,1,1813768,1309125
CUST00020,2024-08-20,645,1,6,3,0.4406,35,0,1928205,979116
CUST00257,2024-08-20,562,12,8,1,0.6887,28,5,649343,921383
CUST00116,2024-08-20,537,18,7,4,0.8339,234,7,1393929,434616
CUST00243,2024-08-21,700,11,4,1,0.4963,149,7,1603666,1022920
CUST00426,2024-08-21,357,19,1,3,0.2062,4,2,1095792,1310543
CUST00046,2024-08-21,859,7,1,2,0.5858,136,5,1409117,73427
CUST00346,2024-08-21,638,1,8,2,0.4545,3,8,307497,1101518
CUST00397,2024-08-22,436,13,6,0,0.7719,19,0,1056259,1319599
CUST00164,2024-08-22,622,5,5,1,0.5556,90,3,1050818,648441
CUST00194,2024-08-22,811,1,5,0,0.2794,157,9,1154625,1148852
CUST00869,2024-08-22,403,4,8,2,0.7544,149,1,1891231,537039
CUST00535,2024-08-23,614,18,8,3,0.5177,190,3,1658177,289319
CUST00111,2024-08-23,658,15,0,2,0.1775,43,4,1225638,1223832
CUST00686,2024-08-23,786,6,3,3,0.5631,46,6,836501,466698
CUST00144,2024-08-23,640,12,0,1,0.9483,128,2,839025,1135590
CUST00746,2024-08-24,741,7,3,1,0.7055,208,7,89324,473079
CUST00825,2024-08-24,764,4,6,2,0.2988,173,2,1124650,598500
CUST00100,2024-08-24,834,19,2,1,0.7109,160,3,542294,1027652
CUST00796,2024-08-24,516,16,1,4,0.2826,23,5,1777982,512057
CUST00122,2024-08-25,722,7,4,4,0.5427,210,0,1558555,1211707
CUST00835,2024-08-25,449,7,5,2,0.5266,236,7,1830054,58331
CUST00613,2024-08-25,806,16,7,3,0.2474,140,6,1991840,17506
CUST00127,2024-08-25,870,9,0,0,0.3479,81,8,830171,122560
CUST00699,2024-08-26,476,8,2,0,0.9422,159,2,885359,384401
CUST00853,2024-08-26,636,8,7,1,0.2506,154,3,1235718,80877
CUST00961,2024-08-26,793,9,6,1,0.801,223,8,889500,571064
CUST00936,2024-08-26,316,10,8,1,0.6674,27,0,594445,36623
CUST00445,2024-08-27,723,1,8,2,0.5326,124,4,1428905,1134403
CUST00909,2024-08-27,792,10,8,3,0.1375,170,4,929616,229308
CUST00675,2024-08-27,822,9,5,2,0.2046,84,4,1886598,1458095
CUST00715,2024-08-27,418,6,9,2,0.179,201,4,478771,1285712
CUST00494,2024-08-28,754,7,4,0,0.5868,16,7,915397,1041512
CUST00793,2024-08-28,771,9,9,1,0.9734,26,1,1086370,1197238
CUST00429,2024-08-28,301,7,3,4,0.8772,190,8,1820306,1162481
CUST00151,2024-08-28,723,18,4,4,0.0253,31,8,1177568,1268360
CUST00957,2024-08-29,675,11,6,0,0.2737,101,1,184652,833073
CUST00057,2024-08-29,881,10,3,0,0.1573,68,9,708781,935700
CUST00695,2024-08-29,325,5,1,4,0.9757,165,2,1777875,703522
CUST00117,2024-08-29,879,18,8,0,0.2356,3,0,580630,936094
CUST00524,2024-08-30,642,1,4,2,0.2013,86,3,714261,572050
CUST00985,2024-08-30,464,11,9,4,0.6209,236,7,344499,185897
CUST00166,2024-08-30,532,4,3,3,0.5562,89,8,1452824,1396689
CUST00010,2024-08-30,759,15,9,2,0.2259,144,6,322110,1048448
CUST00896,2024-08-31,897,8,6,1,0.6704,237,8,767223,1057411
CUST00685,2024-08-31,490,6,7,3,0.097,146,2,1437349,420039
CUST00947,2024-08-31,890,2,7,3,0.0194,181,8,1796209,1156254
CUST00742,2024-08-31,677,16,2,4,0.0824,230,6,482194,778879
CUST00378,2024-09-01,415,8,8,2,0.3649,148,1,697749,114972
CUST00982,2024-09-01,658,6,9,4,0.975,199,1,280055,1432083
CUST00094,2024-09-01,781,17,6,3,0.5472,122,2,903863,1487684
CUST00768,2024-09-01,332,1,9,0,0.7547,195,0,1997799,1305923
CUST00373,2024-09-02,347,9,8,1,0.3215,154,2,643233,712447
CUST00839,2024-09-02,303,4,6,3,0.7193,82,9,556837,349790
CUST00966,2024-09-02,642,3,4,0,0.9662,134,2,829454,16537
CUST00645,2024-09-02,334,1,8,3,0.3578,81,6,1797294,1104975
CUST00608,2024-09-03,859,4,1,1,0.9991,95,9,1116755,1336387
CUST00492,2024-09-03,376,18,5,1,0.6384,70,2,1237912,156136
CUST00143,2024-09-03,342,9,8,2,0.7486,118,6,1572044,1026549
CUST00061,2024-09-03,454,19,9,4,0.2522,83,4,1444386,40113
CUST00505,2024-09-04,757,6,2,4,0.6431,150,2,1217761,1164910
CUST00155,2024-09-04,844,15,0,2,0.511,89,9,1143791,42261
CUST00550,2024-09-04,450,2,3,0,0.9564,118,6,1089824,1463015
CUST00565,2024-09-04,611,3,8,4,0.9047,34,4,402581,255369
CUST00592,2024-09-05,764,1,5,4,0.3967,93,8,857954,600448
CUST00119,2024-09-05,778,18,0,3,0.9469,86,9,1701750,1042422
CUST00073,2024-09-05,391,13,1,3,0.8848,230,7,126797,1269376
CUST00454,2024-09-05,802,15,3,2,0.5904,107,8,1664546,544958
CUST00507,2024-09-06,820,18,3,0,0.0821,6,3,1153582,1470626
CUST00818,2024-09-06,740,7,1,0,0.1608,74,3,731886,23913
CUST00358,2024-09-06,616,14,4,0,0.0769,175,2,272421,707099
CUST00862,2024-09-06,534,10,4,4,0.108,40,6,1539508,1482033
