application_id,customer_id,application_date,loan_amount_inr,loan_term_months,annual_income_inr,employment_type,loan_purpose,existing_loans,credit_score,collateral_value,default_flag
APP000001,CUST00872,2023-01-01,1375946,84,360651,self_employed,home_purchase,0,766,2827535,0
APP000002,CUST00393,2023-01-01,7151217,12,1593120,unemployed,home_purchase,4,703,3076150,1
APP000003,CUST00125,2023-01-01,6401534,60,1378228,unemployed,personal,2,857,1693494,1
APP000004,CUST00378,2023-01-02,2738632,84,989981,self_employed,personal,0,876,1090745,0
APP000005,CUST00774,2023-01-02,2782785,60,979427,unemployed,refinance,4,722,2601692,0
APP000006,CUST00287,2023-01-02,7155433,60,1745476,contract,refinance,2,522,3314638,1
APP000007,CUST00999,2023-01-03,679264,36,354702,self_employed,business,4,659,1307115,0
APP000008,CUST00771,2023-01-03,6211379,24,1455262,salaried,business,3,555,3834307,1
APP000009,CUST00358,2023-01-03,1532440,24,562645,contract,auto,4,677,3194382,0
APP000010,CUST00962,2023-01-04,377410,84,369519,contract,refinance,2,787,833180,0
APP000011,CUST00139,2023-01-04,945978,12,1147662,unemployed,refinance,0,521,4693242,1
APP000012,CUST00058,2023-01-04,8389738,12,1956120,contract,auto,0,603,219291,1
APP000013,CUST00542,2023-01-05,1143350,36,1524354,salaried,auto,2,327,3268641,1
APP000014,CUST00809,2023-01-05,2767609,84,1570051,contract,home_purchase,2,741,2197936,0
APP000015,CUST00336,2023-01-05,2988265,60,1491459,contract,home_purchase,4,593,3269046,0
APP000016,CUST00931,2023-01-06,2064628,60,1614915,self_employed,auto,2,575,3870120,0
APP000017,CUST00654,2023-01-06,2149303,60,1123807,self_employed,personal,5,619,3436002,0
APP000018,CUST00839,2023-01-06,1654430,12,430604,unemployed,home_purchase,1,429,3253899,1
APP000019,CUST00934,2023-01-07,968859,24,1711546,contract,auto,2,658,4204427,0
APP000020,CUST00471,2023-01-07,4267433,12,1010694,contract,home_purchase,4,747,3509408,1
APP000021,CUST00569,2023-01-07,4792669,84,1100633,self_employed,refinance,0,509,4068711,1
APP000022,CUST00268,2023-01-08,1886826,84,867436,self_employed,personal,1,378,2014196,1
APP000023,CUST00203,2023-01-08,629685,24,528589,contract,refinance,4,532,1014115,1
APP000024,CUST00535,2023-01-08,5985228,24,1868176,unemployed,refinance,3,419,1174727,1
APP000025,CUST00439,2023-01-09,1668726,24,1606821,contract,business,4,524,3060536,1
APP000026,CUST00146,2023-01-09,2911072,120,1358957,contract,home_purchase,3,676,2658894,0
APP000027,CUST00988,2023-01-09,4448808,36,924345,salaried,home_purchase,5,368,385761,1
APP000028,CUST00856,2023-01-10,8370541,84,1680970,unemployed,business,5,748,1021828,1
APP000029,CUST00608,2023-01-10,4696919,36,1181772,salaried,auto,5,434,4837757,1
APP000030,CUST00322,2023-01-10,1895803,84,998145,unemployed,home_purchase,0,836,3631143,0
APP000031,CUST00785,2023-01-11,3633410,60,1010827,self_employed,auto,3,739,3774891,0
APP000032,CUST00142,2023-01-11,2237772,24,609029,unemployed,auto,0,463,984832,1
APP000033,CUST00147,2023-01-11,821425,120,365844,unemployed,refinance,1,637,321109,0
APP000034,CUST00397,2023-01-12,4054883,84,1198252,unemployed,auto,1,366,1456316,1
APP000035,CUST00167,2023-01-12,985907,84,1798201,unemployed,personal,3,359,4284391,1
APP000036,CUST00454,2023-01-12,453653,120,314871,contract,refinance,2,873,2532723,0
APP000037,CUST00204,2023-01-13,4995538,24,1744924,unemployed,business,5,781,3923124,0
APP000038,CUST00024,2023-01-13,2090002,12,1689736,salaried,auto,1,392,2433549,1
APP000039,CUST00684,2023-01-13,870321,60,698167,salaried,business,3,469,2450928,1
APP000040,CUST00062,2023-01-14,5700103,24,1336995,contract,home_purchase,4,418,3004246,1
APP000041,CUST00050,2023-01-14,2462735,36,497412,unemployed,refinance,5,537,4794643,1
APP000042,CUST00151,2023-01-14,4696584,24,1564557,unemployed,personal,1,474,2187223,1
APP000043,CUST00507,2023-01-15,6246711,36,1460941,contract,business,4,496,2978804,1
APP000044,CUST00908,2023-01-15,4154226,36,838146,contract,refinance,0,617,4597366,1
APP000045,CUST00547,2023-01-15,366463,36,322256,contract,business,3,413,1861534,1
APP000046,CUST00031,2023-01-16,4901448,84,1947256,unemployed,home_purchase,2,829,4199670,0
APP000047,CUST00097,2023-01-16,2271647,60,1002237,unemployed,auto,5,736,2675265,0
APP000048,CUST00361,2023-01-16,1554952,36,1807618,salaried,refinance,4,756,4395567,0
APP000049,CUST00425,2023-01-17,5537550,12,1420254,contract,auto,5,401,2339065,1
APP000050,CUST00975,2023-01-17,3925881,60,1601090,self_employed,business,5,724,3147582,0
APP000051,CUST00474,2023-01-17,4095095,24,1567818,unemployed,personal,2,801,1616416,0
APP000052,CUST00164,2023-01-18,648326,24,550349,contract,personal,4,405,3175039,1
APP000053,CUST00310,2023-01-18,1123654,36,855030,unemployed,refinance,0,750,1631236,0
APP000054,CUST00937,2023-01-18,4765689,12,1040097,self_employed,business,3,514,3045993,1
APP000055,CUST00086,2023-01-19,768226,36,1096024,contract,auto,0,772,3943842,0
APP000056,CUST00343,2023-01-19,431607,24,278846,salaried,personal,4,587,2174420,0
APP000057,CUST00263,2023-01-19,2147774,120,1183825,unemployed,personal,5,781,2146170,0
APP000058,CUST00249,2023-01-20,1292659,120,477721,salaried,personal,4,388,1610530,1
APP000059,CUST00505,2023-01-20,4828025,12,1538076,self_employed,personal,5,533,3652334,1
APP000060,CUST00170,2023-01-20,3887928,60,1429488,unemployed,auto,1,464,2960014,1
APP000061,CUST00417,2023-01-21,1634528,60,1860550,unemployed,personal,5,449,2582212,1
APP000062,CUST00486,2023-01-21,2459527,36,1540571,self_employed,business,3,484,127659,1
APP000063,CUST00733,2023-01-21,3694498,36,859956,self_employed,refinance,4,529,550505,1
APP000064,CUST00978,2023-01-22,6541260,84,1941517,salaried,auto,4,376,37282,1
APP000065,CUST00175,2023-01-22,3214292,36,939530,unemployed,home_purchase,3,724,4251241,0
APP000066,CUST00838,2023-01-22,2765214,12,786485,salaried,refinance,1,630,4258209,0
APP000067,CUST00353,2023-01-23,7197364,36,1829964,salaried,personal,3,797,339635,0
APP000068,CUST00037,2023-01-23,660078,24,866827,self_employed,personal,3,723,232120,0
APP000069,CUST00064,2023-01-23,725358,36,337417,salaried,refinance,5,389,3907171,1
APP000070,CUST00407,2023-01-24,3060213,24,1045200,salaried,auto,2,341,2623975,1
APP000071,CUST00472,2023-01-24,3302075,12,1632223,contract,business,3,553,1544630,0
APP000072,CUST00822,2023-01-24,2326590,120,541048,contract,home_purchase,3,588,3074938,1
APP000073,CUST00633,2023-01-25,2760521,12,1033293,self_employed,home_purchase,0,444,1182337,1
APP000074,CUST00008,2023-01-25,1717567,84,433858,unemployed,refinance,0,769,990856,0
APP000075,CUST00069,2023-01-25,6222250,84,1435660,contract,personal,0,648,1837388,1
APP000076,CUST00763,2023-01-26,2927511,60,1056268,salaried,refinance,3,748,4478654,0
APP000077,CUST00601,2023-01-26,3648451,120,794353,contract,business,2,365,3835757,1
APP000078,CUST00252,2023-01-26,1911741,12,608436,contract,business,5,789,950478,0
APP000079,CUST00922,2023-01-27,5261129,24,1216099,unemployed,auto,4,423,2808605,1
APP000080,CUST00913,2023-01-27,2857237,24,1405665,salaried,refinance,0,568,4422574,0
APP000081,CUST00323,2023-01-27,5194437,60,1892550,salaried,home_purchase,0,563,4758088,0
APP000082,CUST00171,2023-01-28,2853394,60,986873,self_employed,business,2,792,3814951,0
APP000083,CUST00734,2023-01-28,475739,120,489238,self_employed,business,5,466,644304,1
APP000084,CUST00643,2023-01-28,3896220,36,1698820,unemployed,auto,0,444,1203714,1
APP000085,CUST00775,2023-01-29,6171811,24,1333575,contract,auto,1,503,1093041,1
APP000086,CUST00567,2023-01-29,4876160,120,1460477,contract,personal,0,516,753720,1
APP000087,CUST00709,2023-01-29,487051,84,375007,contract,personal,2,409,876631,1
APP000088,CUST00459,2023-01-30,1543460,84,762259,unemployed,home_purchase,5,405,1581163,1
APP000089,CUST00503,2023-01-30,2155183,36,1582119,self_employed,personal,4,438,2777553,1
APP000090,CUST00598,2023-01-30,1038714,36,1698067,salaried,business,2,580,1989752,0
APP000091,CUST00819,2023-01-31,4595944,36,983390,salaried,personal,0,506,2104080,1
APP000092,CUST00695,2023-01-31,4149352,84,1648575,self_employed,auto,2,535,1228923,1
APP000093,CUST00484,2023-01-31,3230986,24,1715045,contract,auto,3,731,755188,0
APP000094,CUST00623,2023-02-01,2865725,120,897461,self_employed,refinance,1,444,4994457,1
APP000095,CUST00501,2023-02-01,968070,24,1816557,self_employed,personal,4,845,2994982,0
APP000096,CUST00979,2023-02-01,1259023,36,718990,self_employed,refinance,5,751,1148261,0
APP000097,CUST00374,2023-02-02,2312510,24,631204,unemployed,refinance,1,404,4049945,1
APP000098,CUST00224,2023-02-02,4788250,60,1428491,unemployed,refinance,1,488,4153174,1
APP000099,CUST00160,2023-02-02,6620639,84,1346171,salaried,refinance,0,410,4833899,1
APP000100,CUST00899,2023-02-03,1486339,120,451554,salaried,refinance,4,463,795588,1
APP000101,CUST00066,2023-02-03,4500075,84,1698926,salaried,home_purchase,2,519,3199848,1
APP000102,CUST00256,2023-02-03,2198158,24,559834,unemployed,personal,1,378,4901223,1
APP000103,CUST00003,2023-02-04,7526813,24,1648818,self_employed,auto,1,308,4033350,1
APP000104,CUST00084,2023-02-04,798230,120,213252,unemployed,business,0,563,1127617,0
APP000105,CUST00283,2023-02-04,7901019,36,1634316,contract,home_purchase,2,720,4465166,1
APP000106,CUST00470,2023-02-05,6496602,12,1616463,contract,personal,4,481,2108442,1
APP000107,CUST00858,2023-02-05,7061455,84,1604655,self_employed,home_purchase,1,816,2444596,1
APP000108,CUST00692,2023-02-05,1415542,60,1396731,self_employed,auto,0,521,2792820,1
APP000109,CUST00715,2023-02-06,3981174,12,1048820,salaried,auto,2,840,3856963,0
APP000110,CUST00787,2023-02-06,3644443,84,1469297,contract,auto,4,441,601428,1
APP000111,CUST00675,2023-02-06,2088744,60,698818,self_employed,personal,2,623,2696266,0
APP000112,CUST00119,2023-02-07,5527829,60,1605312,self_employed,business,1,757,4084100,0
APP000113,CUST00749,2023-02-07,5837799,120,1200164,salaried,refinance,0,335,2742517,1
APP000114,CUST00635,2023-02-07,5059033,36,1026048,unemployed,business,4,858,1373427,1
APP000115,CUST00932,2023-02-08,1994863,36,1110091,unemployed,home_purchase,5,518,281422,1
APP000116,CUST00149,2023-02-08,4652502,60,1223734,self_employed,refinance,4,598,2746349,0
APP000117,CUST00549,2023-02-08,1034884,24,267072,contract,refinance,3,677,3516754,0
APP000118,CUST00132,2023-02-09,930012,12,451634,unemployed,business,4,685,2748169,0
APP000119,CUST00153,2023-02-09,678718,120,641866,contract,home_purchase,2,314,4896767,1
APP000120,CUST00156,2023-02-09,277915,24,406154,contract,refinance,0,820,3013203,0
APP000121,CUST00316,2023-02-10,3963277,60,991304,self_employed,auto,2,674,2541142,0
APP000122,CUST00239,2023-02-10,3793557,24,1403125,contract,business,4,899,277429,0
APP000123,CUST00270,2023-02-10,6800191,24,1377971,contract,auto,3,582,2792986,1
APP000124,CUST00335,2023-02-11,2716744,60,1047973,contract,business,5,668,843093,0
APP000125,CUST00223,2023-02-11,8522895,84,1739144,contract,personal,5,564,3623684,1
APP000126,CUST00672,2023-02-11,2863493,36,1217424,contract,personal,1,833,805961,0
APP000127,CUST00573,2023-02-12,1394736,12,342555,salaried,personal,0,799,4533481,1
APP000128,CUST00319,2023-02-12,1390417,24,1576997,unemployed,home_purchase,1,845,1510256,0
APP000129,CUST00427,2023-02-12,3702321,12,1234281,unemployed,auto,5,602,2169920,0
APP000130,CUST00321,2023-02-13,5516660,120,1342492,salaried,auto,4,774,724570,1
APP000131,CUST00188,2023-02-13,5675756,24,1217671,self_employed,refinance,0,515,1053499,1
APP000132,CUST00376,2023-02-13,5026999,36,1196442,unemployed,home_purchase,0,576,4609606,1
APP000133,CUST00490,2023-02-14,241904,12,363019,self_employed,home_purchase,3,756,1418436,0
APP000134,CUST00257,2023-02-14,2626900,36,1206572,unemployed,personal,3,348,2564772,1
APP000135,CUST00896,2023-02-14,1172808,120,1630842,unemployed,personal,5,726,4906997,0
APP000136,CUST00194,2023-02-15,740961,36,747110,unemployed,refinance,4,309,3117875,1
APP000137,CUST00564,2023-02-15,4547836,60,1285108,salaried,personal,1,648,208204,0
APP000138,CUST00193,2023-02-15,947714,24,255472,self_employed,personal,0,586,1787440,0
APP000139,CUST00186,2023-02-16,3286920,12,825498,contract,business,3,581,1934268,0
APP000140,CUST00262,2023-02-16,4333430,84,986091,unemployed,business,3,596,1381230,1
APP000141,CUST00518,2023-02-16,7535960,12,1968929,salaried,business,5,595,1205898,0
APP000142,CUST00915,2023-02-17,2405932,36,586252,self_employed,home_purchase,3,544,2515885,1
APP000143,CUST00246,2023-02-17,502640,24,697786,salaried,personal,3,570,1885207,0
APP000144,CUST00200,2023-02-17,1454852,12,935351,unemployed,refinance,1,640,1471614,0
APP000145,CUST00259,2023-02-18,6553532,60,1986798,unemployed,auto,0,758,2064912,0
APP000146,CUST00455,2023-02-18,7572220,120,1736125,salaried,personal,5,631,1718229,1
APP000147,CUST00712,2023-02-18,136538,12,262447,salaried,personal,4,685,1143696,0
APP000148,CUST00385,2023-02-19,1748887,84,621091,self_employed,auto,0,801,2263754,0
APP000149,CUST00463,2023-02-19,5956794,60,1679014,unemployed,business,4,893,4711506,0
APP000150,CUST00985,2023-02-19,193100,84,304944,self_employed,home_purchase,2,365,2528668,1
APP000151,CUST00295,2023-02-20,4013091,12,1740207,self_employed,home_purchase,2,727,2987782,0
APP000152,CUST00984,2023-02-20,3200656,120,706491,self_employed,home_purchase,5,435,4921570,1
APP000153,CUST00854,2023-02-20,6522421,12,1851773,contract,business,5,418,3068056,1
APP000154,CUST00489,2023-02-21,1143303,120,728468,self_employed,auto,1,775,1116612,0
APP000155,CUST00431,2023-02-21,4258442,60,981770,salaried,auto,1,341,1992367,1
APP000156,CUST00384,2023-02-21,2874930,36,1391449,unemployed,personal,4,808,2439880,0
APP000157,CUST00603,2023-02-22,1854525,12,427305,self_employed,auto,5,762,2373912,1
APP000158,CUST00362,2023-02-22,2219198,60,1202657,self_employed,auto,0,896,747558,0
APP000159,CUST00697,2023-02-22,3500578,12,1109027,contract,home_purchase,5,700,529180,0
APP000160,CUST00683,2023-02-23,3683153,60,1611016,contract,home_purchase,2,823,1749996,0
APP000161,CUST00468,2023-02-23,3461254,84,1992992,salaried,business,3,371,4571309,1
APP000162,CUST00670,2023-02-23,6266295,24,1395764,salaried,auto,0,833,3586553,1
APP000163,CUST00574,2023-02-24,1258863,24,936535,salaried,home_purchase,4,396,4208592,1
APP000164,CUST00966,2023-02-24,821255,24,931496,unemployed,refinance,4,488,872310,1
APP000165,CUST00640,2023-02-24,1941477,24,952325,contract,refinance,3,376,2071366,1
APP000166,CUST00435,2023-02-25,6210291,12,1665236,unemployed,refinance,4,540,2906756,1
APP000167,CUST00213,2023-02-25,3216595,24,778188,contract,refinance,5,749,2171580,1
APP000168,CUST00900,2023-02-25,2499924,60,500551,self_employed,personal,5,460,2083505,1
APP000169,CUST00618,2023-02-26,1470064,24,801724,contract,home_purchase,4,793,1798957,0
APP000170,CUST00375,2023-02-26,562635,84,240881,contract,refinance,5,663,257897,0
APP000171,CUST00965,2023-02-26,436299,84,391056,self_employed,auto,4,677,4286111,0
APP000172,CUST00351,2023-02-27,1117731,84,362086,unemployed,auto,4,863,4665376,0
APP000173,CUST00522,2023-02-27,7926668,60,1588794,unemployed,business,3,559,404234,1
APP000174,CUST00415,2023-02-27,5481845,24,1500246,unemployed,business,4,506,2068015,1
APP000175,CUST00091,2023-02-28,4622071,120,1454187,unemployed,refinance,0,896,2589169,0
APP000176,CUST00027,2023-02-28,2336755,24,1031379,self_employed,auto,3,634,3919632,0
APP000177,CUST00334,2023-02-28,6885334,36,1490705,salaried,home_purchase,2,668,4933734,1
APP000178,CUST00944,2023-03-01,1341491,36,490289,self_employed,personal,5,477,2081567,1
APP000179,CUST00185,2023-03-01,2011701,84,1821119,contract,home_purchase,0,429,3744615,1
APP000180,CUST00619,2023-03-01,2362654,60,1101880,unemployed,home_purchase,3,401,4686801,1
APP000181,CUST00441,2023-03-02,1515042,84,1888492,self_employed,personal,1,434,4151488,1
APP000182,CUST00777,2023-03-02,668048,120,474161,self_employed,home_purchase,5,417,1452351,1
APP000183,CUST00458,2023-03-02,634675,36,1095194,self_employed,auto,5,748,4087452,0
APP000184,CUST00553,2023-03-03,3691225,120,1453376,unemployed,home_purchase,1,334,2061153,1
APP000185,CUST00480,2023-03-03,3664553,24,1092126,salaried,personal,5,677,87607,0
APP000186,CUST00723,2023-03-03,2051116,120,1003081,self_employed,personal,2,869,3794321,0
APP000187,CUST00983,2023-03-04,1193909,24,499185,salaried,auto,5,759,4177009,0
APP000188,CUST00122,2023-03-04,4266587,120,885838,unemployed,business,4,541,1718336,1
APP000189,CUST00767,2023-03-04,2445957,36,629779,self_employed,auto,0,335,2254672,1
APP000190,CUST00971,2023-03-05,2179035,120,742721,salaried,home_purchase,1,800,1821785,0
APP000191,CUST00552,2023-03-05,2547197,12,1430661,self_employed,home_purchase,2,301,585132,1
APP000192,CUST00301,2023-03-05,6053976,36,1334508,salaried,refinance,1,708,4974115,1
APP000193,CUST00713,2023-03-06,2014339,120,1292953,self_employed,refinance,0,702,113067,0
APP000194,CUST00993,2023-03-06,1671914,12,851262,unemployed,refinance,5,415,2778072,1
APP000195,CUST00332,2023-03-06,8848503,24,1927446,contract,refinance,5,743,74648,1
APP000196,CUST00843,2023-03-07,1031426,12,357769,unemployed,auto,2,405,3446902,1
APP000197,CUST00776,2023-03-07,3136337,24,816663,contract,home_purchase,1,435,4504242,1
APP000198,CUST00596,2023-03-07,1302535,36,412410,unemployed,personal,1,787,3217311,0
APP000199,CUST00847,2023-03-08,2787123,60,810098,self_employed,refinance,5,887,3030846,0
APP000200,CUST00662,2023-03-08,3567757,24,1931415,unemployed,personal,1,458,4139620,1
APP000201,CUST00698,2023-03-08,1362958,12,859274,salaried,auto,0,852,4871172,0
APP000202,CUST00911,2023-03-09,3581348,24,1835445,self_employed,business,2,847,4309125,0
APP000203,CUST00177,2023-03-09,1308781,120,1091118,contract,auto,2,761,1157118,0
APP000204,CUST00757,2023-03-09,6471904,120,1459472,self_employed,refinance,3,384,2816280,1
APP000205,CUST00428,2023-03-10,1816050,24,1023351,self_employed,auto,2,479,4094049,1
APP000206,CUST00201,2023-03-10,2053814,24,678565,salaried,personal,5,706,1472780,0
APP000207,CUST00082,2023-03-10,6403109,12,1575613,salaried,auto,3,899,3375986,1
APP000208,CUST00533,2023-03-11,7830975,120,1944517,contract,auto,5,788,114001,1
APP000209,CUST00680,2023-03-11,1667476,84,674344,unemployed,auto,2,552,4386663,0
APP000210,CUST00918,2023-03-11,4233680,84,1601751,salaried,refinance,3,441,3072016,1
APP000211,CUST00400,2023-03-12,3334284,24,670052,self_employed,refinance,2,876,3715565,1
APP000212,CUST00357,2023-03-12,5269597,60,1490402,unemployed,business,4,465,4127344,1
APP000213,CUST00579,2023-03-12,6749593,12,1620211,unemployed,personal,4,505,1093891,1
APP000214,CUST00925,2023-03-13,4601862,84,1008850,salaried,home_purchase,1,878,2252699,1
APP000215,CUST00284,2023-03-13,6173219,60,1526455,contract,business,5,636,4293217,1
APP000216,CUST00874,2023-03-13,920027,24,690034,salaried,personal,5,458,823530,1
APP000217,CUST00367,2023-03-14,1038168,84,342656,salaried,home_purchase,5,303,4112323,1
APP000218,CUST00795,2023-03-14,358011,60,373503,salaried,personal,1,557,1440410,0
APP000219,CUST00577,2023-03-14,3454109,36,1004642,contract,auto,4,891,2877540,0
APP000220,CUST00880,2023-03-15,8756790,24,1824684,salaried,business,0,559,2549944,1
APP000221,CUST00891,2023-03-15,1206120,12,429638,self_employed,auto,0,719,3432463,0
APP000222,CUST00394,2023-03-15,2498315,120,1020397,salaried,auto,5,451,4183406,1
APP000223,CUST00089,2023-03-16,970285,24,1467257,self_employed,refinance,0,765,1744888,0
APP000224,CUST00282,2023-03-16,2719131,24,564254,contract,refinance,5,765,858765,1
APP000225,CUST00111,2023-03-16,1444216,84,1498909,self_employed,personal,2,664,2114141,0
APP000226,CUST00877,2023-03-17,514135,24,750721,self_employed,business,1,763,3060749,0
APP000227,CUST00794,2023-03-17,2661027,36,1655589,contract,business,0,647,3752211,0
APP000228,CUST00051,2023-03-17,987722,84,1242595,contract,personal,4,526,3766843,1
APP000229,CUST00802,2023-03-18,3017971,60,1184433,salaried,personal,4,742,1699803,0
APP000230,CUST00386,2023-03-18,1462539,60,518191,unemployed,auto,2,801,4680237,0
APP000231,CUST00109,2023-03-18,1970949,12,1033770,unemployed,refinance,4,804,415844,0
APP000232,CUST00546,2023-03-19,1270409,36,1741905,contract,personal,1,427,583518,1
APP000233,CUST00383,2023-03-19,235660,36,235143,contract,refinance,3,705,123851,0
APP000234,CUST00356,2023-03-19,3491119,60,1565335,contract,refinance,1,302,4631958,1
APP000235,CUST00074,2023-03-20,839553,12,1086972,self_employed,business,3,643,900595,0
APP000236,CUST00909,2023-03-20,5444691,12,1495033,self_employed,auto,0,642,3007337,0
APP000237,CUST00889,2023-03-20,1995548,84,1393936,self_employed,refinance,2,518,4064765,1
APP000238,CUST00039,2023-03-21,1817983,84,977767,salaried,business,3,896,3833507,0
APP000239,CUST00445,2023-03-21,1717906,84,755600,unemployed,business,3,829,4744221,0
APP000240,CUST00917,2023-03-21,3156401,24,1329155,self_employed,refinance,2,323,268873,1
APP000241,CUST00130,2023-03-22,229582,120,452403,self_employed,auto,3,425,2035370,1
APP000242,CUST00460,2023-03-22,1256777,24,1251376,unemployed,auto,3,424,2530740,1
APP000243,CUST00789,2023-03-22,1623475,60,370450,contract,personal,1,838,3480741,1
APP000244,CUST00634,2023-03-23,692461,12,1369723,contract,business,1,611,3113148,0
APP000245,CUST00866,2023-03-23,3711233,120,1331741,salaried,auto,3,737,2799748,0
APP000246,CUST00496,2023-03-23,951368,24,351999,self_employed,personal,5,785,1534169,0
APP000247,CUST00502,2023-03-24,3125273,84,1563478,contract,auto,4,760,532373,0
APP000248,CUST00946,2023-03-24,2315146,24,948453,self_employed,business,3,353,2158251,1
APP000249,CUST00954,2023-03-24,6485971,84,1616395,salaried,auto,5,384,1298287,1
APP000250,CUST00525,2023-03-25,1178082,36,274905,unemployed,refinance,5,537,2771490,1
APP000251,CUST00621,2023-03-25,874265,12,523021,self_employed,auto,3,503,3985633,1
APP000252,CUST00537,2023-03-25,2125221,24,1089183,contract,business,0,748,2762739,0
APP000253,CUST00674,2023-03-26,857331,84,538805,self_employed,personal,3,393,2915214,1
APP000254,CUST00006,2023-03-26,2110887,24,793750,contract,home_purchase,3,522,209307,1
APP000255,CUST00005,2023-03-26,4965485,24,1389078,unemployed,home_purchase,1,441,3223244,1
APP000256,CUST00118,2023-03-27,702701,60,460143,unemployed,auto,5,413,2197408,1
APP000257,CUST00424,2023-03-27,2823132,24,1419865,salaried,business,5,403,618486,1
APP000258,CUST00799,2023-03-27,1809663,12,386125,contract,auto,1,417,1069090,1
APP000259,CUST00195,2023-03-28,370298,60,515333,unemployed,auto,2,638,3903718,0
APP000260,CUST00010,2023-03-28,3236799,84,1257760,contract,personal,1,546,4583475,1
APP000261,CUST00059,2023-03-28,6027870,84,1628269,salaried,auto,1,561,2538615,0
APP000262,CUST00244,2023-03-29,596839,120,507067,salaried,business,1,587,4882899,0
APP000263,CUST00647,2023-03-29,527746,12,739987,salaried,personal,2,744,900193,0
APP000264,CUST00649,2023-03-29,2092630,36,1865216,salaried,personal,1,817,1498234,0
APP000265,CUST00575,2023-03-30,9183342,24,1981430,unemployed,personal,0,615,4650330,1
APP000266,CUST00719,2023-03-30,674870,120,1245910,unemployed,personal,2,685,875926,0
APP000267,CUST00676,2023-03-30,1353738,60,1004668,contract,home_purchase,3,743,3296906,0
APP000268,CUST00409,2023-03-31,528233,12,824365,contract,auto,1,714,1097520,0
APP000269,CUST00225,2023-03-31,1299590,84,1302413,unemployed,home_purchase,3,380,1655887,1
APP000270,CUST00765,2023-03-31,4158247,12,1263647,self_employed,auto,1,889,2388761,0
APP000271,CUST00996,2023-04-01,1159664,24,730555,self_employed,home_purchase,4,398,1799939,1
APP000272,CUST00029,2023-04-01,737951,84,241046,contract,auto,3,547,4372527,1
APP000273,CUST00665,2023-04-01,1491771,60,472696,self_employed,refinance,5,691,4863945,0
APP000274,CUST00324,2023-04-02,8322488,84,1925406,salaried,home_purchase,0,542,2500181,1
APP000275,CUST00936,2023-04-02,496665,60,952678,contract,home_purchase,5,445,2626085,1
APP000276,CUST00530,2023-04-02,4635927,120,1068146,unemployed,auto,2,854,276960,1
APP000277,CUST00558,2023-04-03,3420083,60,1040793,salaried,home_purchase,0,342,1171014,1
APP000278,CUST00116,2023-04-03,1982749,12,1608923,salaried,business,4,447,199428,1
APP000279,CUST00758,2023-04-03,1260780,12,316921,self_employed,personal,1,895,4283245,0
APP000280,CUST00568,2023-04-04,1517671,84,348913,unemployed,personal,1,737,1136954,1
APP000281,CUST00614,2023-04-04,1145216,12,696525,contract,home_purchase,5,352,1703170,1
APP000282,CUST00804,2023-04-04,4986724,36,1075984,contract,personal,1,752,4213856,1
APP000283,CUST00057,2023-04-05,3583500,12,1408023,contract,personal,3,881,3566450,0
APP000284,CUST00671,2023-04-05,3483163,24,1083272,self_employed,refinance,1,358,3107402,1
APP000285,CUST00987,2023-04-05,4901840,60,994102,contract,home_purchase,0,548,192359,1
APP000286,CUST00190,2023-04-06,4015795,24,1888087,salaried,auto,0,580,2814789,0
APP000287,CUST00134,2023-04-06,2037325,36,489834,salaried,personal,0,378,2804461,1
APP000288,CUST00477,2023-04-06,2375618,120,1229110,unemployed,home_purchase,2,420,1594847,1
APP000289,CUST00572,2023-04-07,4817601,12,1176040,contract,home_purchase,2,404,3724641,1
APP000290,CUST00220,2023-04-07,3370771,12,1052280,salaried,refinance,0,411,4647127,1
APP000291,CUST00580,2023-04-07,2436856,24,1653675,self_employed,auto,2,542,1295179,1
APP000292,CUST00430,2023-04-08,1608233,84,680556,salaried,auto,1,578,1655891,0
APP000293,CUST00620,2023-04-08,3698180,36,1916791,contract,auto,3,442,1611674,1
APP000294,CUST00617,2023-04-08,678485,60,796824,unemployed,refinance,5,473,4174722,1
APP000295,CUST00092,2023-04-09,749061,12,1181008,self_employed,home_purchase,4,415,388851,1
APP000296,CUST00128,2023-04-09,2341690,84,1137210,self_employed,home_purchase,5,777,4479517,0
APP000297,CUST00083,2023-04-09,1012946,12,1729600,salaried,home_purchase,1,427,3875175,1
APP000298,CUST00788,2023-04-10,1232297,84,990040,self_employed,personal,1,844,2416675,0
APP000299,CUST00655,2023-04-10,2680262,12,712206,self_employed,personal,4,623,2917602,0
APP000300,CUST00498,2023-04-10,880687,120,238901,salaried,auto,1,781,4471446,0
APP000301,CUST00355,2023-04-11,3267735,24,854620,self_employed,home_purchase,5,681,3849184,0
APP000302,CUST00884,2023-04-11,3251794,24,1687325,unemployed,auto,2,459,1384016,1
APP000303,CUST00452,2023-04-11,981428,36,217849,unemployed,business,1,660,252000,1
APP000304,CUST00347,2023-04-12,5751548,12,1813089,self_employed,refinance,5,464,3292167,1
APP000305,CUST00980,2023-04-12,1256092,12,1177088,unemployed,auto,3,371,729038,1
APP000306,CUST00806,2023-04-12,518837,60,452448,salaried,auto,4,452,439818,1
APP000307,CUST00272,2023-04-13,2692201,24,743922,unemployed,refinance,2,465,4911471,1
APP000308,CUST00585,2023-04-13,1530401,36,1197265,self_employed,auto,0,381,2369671,1
APP000309,CUST00607,2023-04-13,2137885,84,768245,contract,auto,4,314,3254232,1
APP000310,CUST00834,2023-04-14,1962542,12,395436,salaried,auto,0,866,1086659,1
APP000311,CUST00779,2023-04-14,724615,36,1398779,unemployed,personal,3,608,508491,0
APP000312,CUST00077,2023-04-14,810217,24,1410032,self_employed,auto,2,541,313816,1
APP000313,CUST00391,2023-04-15,2056982,36,413973,unemployed,home_purchase,4,857,1771826,1
APP000314,CUST00138,2023-04-15,2211086,24,706220,salaried,home_purchase,5,434,18627,1
APP000315,CUST00172,2023-04-15,684398,12,638971,contract,auto,2,541,2100279,1
APP000316,CUST00457,2023-04-16,6293830,12,1386960,salaried,business,5,808,1623760,1
APP000317,CUST00121,2023-04-16,6757404,120,1514532,unemployed,home_purchase,0,679,2634164,1
APP000318,CUST00591,2023-04-16,4394374,12,1508590,self_employed,home_purchase,0,539,2947652,1
APP000319,CUST00808,2023-04-17,6232582,84,1889770,contract,personal,5,453,1542157,1
APP000320,CUST00637,2023-04-17,2738526,120,1583565,unemployed,auto,3,321,2276151,1
APP000321,CUST00554,2023-04-17,565303,36,777222,contract,refinance,2,351,390486,1
APP000322,CUST00752,2023-04-18,1250955,24,393933,salaried,refinance,0,397,1508846,1
APP000323,CUST00825,2023-04-18,2385928,84,1306357,salaried,personal,1,771,4890961,0
APP000324,CUST00088,2023-04-18,6445534,120,1848821,salaried,auto,4,683,4956000,0
APP000325,CUST00346,2023-04-19,8335556,12,1955279,unemployed,personal,4,560,2429044,1
APP000326,CUST00212,2023-04-19,357401,120,614385,unemployed,refinance,5,769,4697625,0
APP000327,CUST00793,2023-04-19,1989913,120,625619,self_employed,auto,2,396,2506511,1
APP000328,CUST00885,2023-04-20,411910,12,267342,unemployed,business,2,426,628266,1
APP000329,CUST00841,2023-04-20,2013555,12,454271,salaried,refinance,0,535,4339517,1
APP000330,CUST00846,2023-04-20,1967710,84,1198734,contract,refinance,0,850,2075537,0
APP000331,CUST00450,2023-04-21,3846979,12,1184245,self_employed,home_purchase,2,668,3062145,0
APP000332,CUST00706,2023-04-21,2595113,60,867660,salaried,personal,3,810,3244234,0
APP000333,CUST00068,2023-04-21,1730139,12,757919,self_employed,home_purchase,0,448,1540179,1
APP000334,CUST00155,2023-04-22,6011157,84,1693621,self_employed,refinance,2,809,3667453,0
APP000335,CUST00510,2023-04-22,3871640,24,1028061,self_employed,personal,3,343,2506537,1
APP000336,CUST00432,2023-04-22,5049317,12,1654852,salaried,home_purchase,4,436,1831860,1
APP000337,CUST00844,2023-04-23,7566691,12,1933781,self_employed,business,5,613,1489573,0
APP000338,CUST00418,2023-04-23,3796726,24,770850,salaried,auto,2,330,3731409,1
APP000339,CUST00044,2023-04-23,1348328,60,564928,unemployed,refinance,2,814,1246705,0
APP000340,CUST00251,2023-04-24,5392533,12,1915218,self_employed,auto,5,820,620750,0
APP000341,CUST00740,2023-04-24,746692,84,1342695,salaried,personal,4,624,4408727,0
APP000342,CUST00920,2023-04-24,2954040,60,723652,contract,auto,1,483,1659063,1
APP000343,CUST00566,2023-04-25,3748311,24,1319347,unemployed,business,4,359,3205163,1
APP000344,CUST00461,2023-04-25,2632714,120,1127102,self_employed,business,0,671,3582165,0
APP000345,CUST00085,2023-04-25,1689642,60,1829957,unemployed,refinance,2,622,4191693,0
APP000346,CUST00536,2023-04-26,2975598,84,660737,contract,personal,1,755,3128413,1
APP000347,CUST00354,2023-04-26,4519738,24,1984489,contract,refinance,5,661,3539706,0
APP000348,CUST00661,2023-04-26,6732062,84,1884878,self_employed,business,0,376,4186051,1
APP000349,CUST00482,2023-04-27,615704,60,525263,salaried,refinance,5,373,4716810,1
APP000350,CUST00868,2023-04-27,2395597,120,496294,self_employed,refinance,1,768,234285,1
APP000351,CUST00342,2023-04-27,1511051,36,1159682,unemployed,personal,0,395,3716269,1
APP000352,CUST00337,2023-04-28,392595,84,280839,unemployed,personal,3,863,871958,0
APP000353,CUST00914,2023-04-28,3220966,36,737836,unemployed,home_purchase,4,363,4456388,1
APP000354,CUST00604,2023-04-28,4529111,12,983174,unemployed,auto,0,737,242472,1
APP000355,CUST00873,2023-04-29,2829132,12,1944871,self_employed,refinance,0,885,1233864,0
APP000356,CUST00509,2023-04-29,5192332,120,1986276,self_employed,personal,0,564,960571,0
APP000357,CUST00644,2023-04-29,1796873,84,472771,unemployed,auto,2,334,3017086,1
APP000358,CUST00953,2023-04-30,8037110,36,1805019,contract,business,0,826,21414,1
APP000359,CUST00903,2023-04-30,802162,84,363671,self_employed,business,4,412,85124,1
APP000360,CUST00714,2023-04-30,4374127,12,1547494,self_employed,personal,0,616,2521051,0
APP000361,CUST00933,2023-05-01,6609159,12,1722156,unemployed,personal,4,890,4858323,0
APP000362,CUST00158,2023-05-01,6835186,60,1803426,salaried,business,5,746,2641571,0
APP000363,CUST00949,2023-05-01,2422650,60,602152,salaried,home_purchase,4,327,2229644,1
APP000364,CUST00897,2023-05-02,5541603,120,1808203,contract,personal,5,792,3289458,0
APP000365,CUST00280,2023-05-02,396815,84,408765,salaried,personal,5,396,2759043,1
APP000366,CUST00995,2023-05-02,5179724,24,1133945,salaried,home_purchase,0,749,1924562,1
APP000367,CUST00421,2023-05-03,4593650,84,1045181,unemployed,business,2,672,2942746,1
APP000368,CUST00583,2023-05-03,3144974,36,768672,self_employed,personal,4,472,16038,1
APP000369,CUST00727,2023-05-03,227666,84,239805,contract,refinance,2,554,1222439,0
APP000370,CUST00011,2023-05-04,2256926,24,1589622,self_employed,auto,4,370,3369455,1
APP000371,CUST00992,2023-05-04,3092538,12,804050,salaried,auto,4,892,1707754,0
APP000372,CUST00722,2023-05-04,840339,12,1390990,salaried,business,5,443,271455,1
APP000373,CUST00517,2023-05-05,4604245,120,938395,unemployed,business,1,485,622204,1
APP000374,CUST00260,2023-05-05,1917196,12,872583,salaried,business,2,601,4330852,0
APP000375,CUST00078,2023-05-05,6708987,120,1795332,contract,personal,0,703,1647885,0
APP000376,CUST00612,2023-05-06,1662985,84,370040,self_employed,home_purchase,1,603,113269,1
APP000377,CUST00076,2023-05-06,3472720,12,1525911,self_employed,business,1,603,3644028,0
APP000378,CUST00829,2023-05-06,2989760,120,1544221,unemployed,home_purchase,2,649,2652375,0
APP000379,CUST00009,2023-05-07,2863520,12,883984,contract,home_purchase,2,814,2256931,0
APP000380,CUST00063,2023-05-07,2094244,12,672428,contract,home_purchase,5,537,4474589,1
APP000381,CUST00764,2023-05-07,490588,60,209552,self_employed,business,4,799,1568621,0
APP000382,CUST00071,2023-05-08,6051106,24,1886263,self_employed,auto,4,772,2862447,0
APP000383,CUST00646,2023-05-08,8975370,24,1905916,contract,refinance,0,876,3724502,1
APP000384,CUST00541,2023-05-08,1650518,24,633747,salaried,home_purchase,2,847,3042083,0
APP000385,CUST00221,2023-05-09,356640,60,257439,salaried,auto,4,778,1039868,0
APP000386,CUST00127,2023-05-09,925037,12,420964,contract,personal,1,448,3408054,1
APP000387,CUST00973,2023-05-09,731508,24,321757,contract,business,2,764,3716999,0
APP000388,CUST00504,2023-05-10,1848623,60,1696002,salaried,auto,4,741,612044,0
APP000389,CUST00108,2023-05-10,2225966,36,1805440,unemployed,personal,4,473,827242,1
APP000390,CUST00811,2023-05-10,1704013,84,475911,contract,business,5,706,3374635,0
APP000391,CUST00561,2023-05-11,3130957,24,1544131,salaried,business,2,451,594901,1
APP000392,CUST00234,2023-05-11,2507327,60,522682,unemployed,refinance,2,613,4401774,1
APP000393,CUST00796,2023-05-11,1374277,84,860976,unemployed,business,2,778,547837,0
APP000394,CUST00790,2023-05-12,1208755,36,1278889,self_employed,auto,4,413,4871104,1
APP000395,CUST00773,2023-05-12,5820079,24,1495868,self_employed,business,2,502,3357569,1
APP000396,CUST00196,2023-05-12,7921252,60,1774211,self_employed,home_purchase,2,777,2215259,1
APP000397,CUST00703,2023-05-13,491494,60,280612,contract,home_purchase,1,572,1341974,0
APP000398,CUST00508,2023-05-13,780216,12,553582,salaried,business,2,876,1722524,0
APP000399,CUST00586,2023-05-13,941729,60,704915,self_employed,personal,1,304,3742568,1
APP000400,CUST00660,2023-05-14,2161242,12,758582,salaried,home_purchase,3,733,3766548,0
APP000401,CUST00303,2023-05-14,5206491,60,1996450,salaried,business,5,788,1043292,0
APP000402,CUST00780,2023-05-14,2666846,120,1599328,self_employed,home_purchase,4,850,2714371,0
APP000403,CUST00216,2023-05-15,546272,60,776751,contract,personal,2,394,4964683,1
APP000404,CUST00943,2023-05-15,5198185,84,1949287,unemployed,refinance,5,890,1286523,0
APP000405,CUST00437,2023-05-15,5292683,24,1098752,salaried,home_purchase,5,535,3467022,1
APP000406,CUST00921,2023-05-16,3784554,120,1101334,salaried,business,2,511,860789,1
APP000407,CUST00742,2023-05-16,2676977,84,980657,self_employed,business,4,513,4170419,1
APP000408,CUST00751,2023-05-16,458149,120,459015,contract,home_purchase,2,682,851151,0
APP000409,CUST00998,2023-05-17,3078670,84,1881870,unemployed,home_purchase,5,695,1488091,0
APP000410,CUST00348,2023-05-17,411113,60,225085,contract,personal,2,584,2295885,0
APP000411,CUST00333,2023-05-17,2024812,60,513701,contract,home_purchase,1,342,1853282,1
APP000412,CUST00408,2023-05-18,2726595,120,613380,salaried,personal,0,891,850622,1
APP000413,CUST00550,2023-05-18,3202636,120,702735,salaried,business,5,433,3204934,1
APP000414,CUST00307,2023-05-18,2156029,36,437279,salaried,personal,1,356,98594,1
APP000415,CUST00191,2023-05-19,1143214,12,232330,contract,refinance,4,658,4917611,1
APP000416,CUST00032,2023-05-19,6798634,12,1419785,self_employed,home_purchase,0,547,260443,1
APP000417,CUST00296,2023-05-19,1600923,24,1944757,salaried,personal,3,669,1669311,0
APP000418,CUST00350,2023-05-20,469643,12,419298,contract,home_purchase,2,825,4649422,0
APP000419,CUST00627,2023-05-20,1372209,24,733763,unemployed,auto,2,358,775410,1
APP000420,CUST00832,2023-05-20,3320889,12,1111393,self_employed,auto,1,470,364806,1
APP000421,CUST00192,2023-05-21,1750604,120,1869504,unemployed,personal,0,609,3719584,0
APP000422,CUST00395,2023-05-21,6242412,12,1449672,contract,refinance,2,772,365903,1
APP000423,CUST00245,2023-05-21,5172313,60,1579138,contract,personal,2,660,4497995,0
APP000424,CUST00444,2023-05-22,3664063,36,1246009,unemployed,personal,4,529,2255942,1
APP000425,CUST00611,2023-05-22,1182531,24,950664,salaried,refinance,2,666,4346659,0
APP000426,CUST00800,2023-05-22,917541,84,559596,unemployed,refinance,1,887,1225501,0
APP000427,CUST00812,2023-05-23,2144498,120,1755765,unemployed,home_purchase,1,588,705681,0
APP000428,CUST00610,2023-05-23,7139440,84,1647424,unemployed,auto,3,830,4813469,1
APP000429,CUST00327,2023-05-23,767180,120,245182,contract,refinance,2,767,3810872,0
APP000430,CUST00094,2023-05-24,5665406,60,1487732,unemployed,home_purchase,5,480,4554929,1
APP000431,CUST00136,2023-05-24,644729,84,351898,unemployed,auto,2,449,1599439,1
APP000432,CUST00926,2023-05-24,3321445,12,1530171,unemployed,auto,3,762,2023716,0
APP000433,CUST00930,2023-05-25,3916297,120,1686716,unemployed,home_purchase,0,424,2886112,1
APP000434,CUST00826,2023-05-25,1708769,84,435903,unemployed,home_purchase,1,502,2243657,1
APP000435,CUST00781,2023-05-25,3899670,24,980904,self_employed,home_purchase,5,441,1213320,1
APP000436,CUST00046,2023-05-26,604820,36,422756,contract,personal,2,663,1875568,0
APP000437,CUST00345,2023-05-26,5784292,60,1221107,self_employed,refinance,2,476,3043785,1
APP000438,CUST00052,2023-05-26,1949910,12,1869612,unemployed,home_purchase,3,695,189330,0
APP000439,CUST00887,2023-05-27,1566290,84,345565,unemployed,home_purchase,0,860,1679714,1
APP000440,CUST00060,2023-05-27,871488,24,915640,unemployed,business,3,797,1464234,0
APP000441,CUST00233,2023-05-27,3299068,12,1951616,contract,refinance,2,868,351609,0
APP000442,CUST00115,2023-05-28,3196129,24,741707,self_employed,personal,0,314,613367,1
APP000443,CUST00743,2023-05-28,572765,120,437990,salaried,auto,2,573,2478397,0
APP000444,CUST00229,2023-05-28,2548643,24,1079451,contract,home_purchase,2,432,511851,1
APP000445,CUST00668,2023-05-29,2814845,60,1115070,contract,refinance,1,850,1724522,0
APP000446,CUST00290,2023-05-29,2234154,84,1393155,contract,home_purchase,3,727,2804307,0
APP000447,CUST00531,2023-05-29,2826510,12,764727,contract,personal,4,492,4369216,1
APP000448,CUST00622,2023-05-30,8316055,84,1920121,unemployed,refinance,1,638,493824,1
APP000449,CUST00760,2023-05-30,5046989,24,1137840,salaried,auto,5,663,2173219,1
APP000450,CUST00340,2023-05-30,1450491,84,715603,self_employed,home_purchase,3,597,514656,0
APP000451,CUST00099,2023-05-31,5571137,24,1928512,contract,business,4,584,2142864,0
APP000452,CUST00886,2023-05-31,3016692,12,1864655,unemployed,refinance,0,333,2402568,1
APP000453,CUST00861,2023-05-31,1759333,84,1098496,unemployed,auto,4,571,3996324,0
APP000454,CUST00905,2023-06-01,299972,84,244747,unemployed,business,2,508,2211411,1
APP000455,CUST00938,2023-06-01,6028418,120,1274484,unemployed,personal,4,790,4677569,1
APP000456,CUST00365,2023-06-01,5392244,84,1199356,unemployed,personal,4,819,688173,1
APP000457,CUST00824,2023-06-02,1866219,36,466775,contract,business,1,750,265796,0
APP000458,CUST00986,2023-06-02,3794767,24,1341155,salaried,home_purchase,1,318,22245,1
APP000459,CUST00131,2023-06-02,4639510,24,1713428,contract,business,0,804,1783730,0
APP000460,CUST00801,2023-06-03,1126477,60,390615,contract,auto,3,537,964872,1
APP000461,CUST00669,2023-06-03,4377604,36,1501980,salaried,auto,4,549,457921,1
APP000462,CUST00791,2023-06-03,1111401,36,452611,unemployed,refinance,2,867,1179461,0
APP000463,CUST00026,2023-06-04,1691680,24,1547887,contract,personal,0,820,4874933,0
APP000464,CUST00529,2023-06-04,1016906,36,954405,unemployed,business,1,330,4001242,1
APP000465,CUST00042,2023-06-04,1013101,24,211719,salaried,personal,2,515,92865,1
APP000466,CUST00208,2023-06-05,5176038,12,1939217,unemployed,home_purchase,5,749,4577191,0
APP000467,CUST00551,2023-06-05,2388706,12,498746,self_employed,auto,0,623,1026274,1
APP000468,CUST00443,2023-06-05,1573396,60,1272876,contract,personal,2,454,2029721,1
APP000469,CUST01000,2023-06-06,1577226,36,526642,contract,refinance,3,614,1638181,0
APP000470,CUST00035,2023-06-06,2696485,12,1879441,contract,personal,1,819,2025133,0
APP000471,CUST00589,2023-06-06,2506512,60,1528985,unemployed,personal,5,433,3803620,1
APP000472,CUST00997,2023-06-07,1046788,12,1647849,salaried,home_purchase,5,747,3562406,0
APP000473,CUST00524,2023-06-07,1012247,12,977743,contract,auto,2,740,2970188,0
APP000474,CUST00048,2023-06-07,4816799,12,1041286,unemployed,home_purchase,4,831,3134610,1
APP000475,CUST00292,2023-06-08,2612235,36,1341742,salaried,auto,4,478,3637633,1
APP000476,CUST00438,2023-06-08,5219227,120,1612574,self_employed,refinance,4,429,920700,1
APP000477,CUST00359,2023-06-08,4471039,24,1724563,self_employed,business,1,628,1978346,0
APP000478,CUST00840,2023-06-09,534315,24,232106,contract,business,0,618,538445,0
APP000479,CUST00210,2023-06-09,4034707,24,1394410,unemployed,auto,2,545,3520857,1
APP000480,CUST00253,2023-06-09,532276,36,396459,unemployed,auto,0,767,2188059,0
APP000481,CUST00693,2023-06-10,3554549,84,718277,unemployed,personal,1,779,3186390,1
APP000482,CUST00581,2023-06-10,7080657,24,1692971,self_employed,personal,3,447,2824141,1
APP000483,CUST00890,2023-06-10,2497764,60,650923,contract,personal,3,777,1368162,0
APP000484,CUST00339,2023-06-11,4264491,120,1634270,salaried,personal,1,438,693538,1
APP000485,CUST00247,2023-06-11,1227641,120,1033414,self_employed,business,0,544,4864705,1
APP000486,CUST00423,2023-06-11,2872867,60,618753,salaried,business,1,316,1466367,1
APP000487,CUST00442,2023-06-12,1632330,84,801639,salaried,home_purchase,2,504,547819,1
APP000488,CUST00390,2023-06-12,838208,120,1155385,unemployed,auto,4,875,1529714,0
APP000489,CUST00659,2023-06-12,3218906,84,1577264,unemployed,auto,2,565,4512090,0
APP000490,CUST00433,2023-06-13,5260197,24,1290828,contract,auto,1,726,1306491,1
APP000491,CUST00279,2023-06-13,6207462,12,1879802,salaried,auto,3,364,4933950,1
APP000492,CUST00040,2023-06-13,6834127,12,1761930,salaried,personal,0,681,2303806,0
APP000493,CUST00054,2023-06-14,6335181,120,1556036,salaried,auto,1,522,4309078,1
APP000494,CUST00950,2023-06-14,1868988,60,1285592,contract,refinance,0,746,3265317,0
APP000495,CUST00264,2023-06-14,3361161,24,721740,salaried,auto,3,856,219669,1
APP000496,CUST00360,2023-06-15,2329189,36,942628,self_employed,business,2,618,2546949,0
APP000497,CUST00018,2023-06-15,1397512,24,414009,unemployed,refinance,3,361,2084659,1
APP000498,CUST00113,2023-06-15,445841,84,873531,unemployed,home_purchase,3,585,1007282,0
APP000499,CUST00473,2023-06-16,9282516,60,1867650,unemployed,business,2,373,2749936,1
APP000500,CUST00571,2023-06-16,1705092,120,966587,self_employed,home_purchase,5,569,514695,0
APP000501,CUST00606,2023-06-16,315384,24,404711,contract,personal,5,336,3491498,1
APP000502,CUST00250,2023-06-17,3519089,36,1373475,salaried,business,0,684,4109352,0
APP000503,CUST00388,2023-06-17,2088550,12,1932706,unemployed,refinance,5,486,462731,1
APP000504,CUST00972,2023-06-17,2088185,120,1761483,salaried,refinance,1,420,2396523,1
APP000505,CUST00512,2023-06-18,2319401,60,693337,contract,refinance,1,310,3275623,1
APP000506,CUST00105,2023-06-18,2306763,60,1017014,contract,home_purchase,3,832,310695,0
APP000507,CUST00519,2023-06-18,5372681,36,1155829,unemployed,home_purchase,0,802,1946636,1
APP000508,CUST00398,2023-06-19,1251002,24,646111,self_employed,home_purchase,2,787,1290607,0
APP000509,CUST00242,2023-06-19,2575844,120,683645,salaried,auto,1,334,196285,1
APP000510,CUST00184,2023-06-19,1611896,36,625992,unemployed,auto,2,509,4020168,1
APP000511,CUST00803,2023-06-20,6905717,84,1990246,contract,home_purchase,4,882,2223359,0
APP000512,CUST00392,2023-06-20,4934924,12,1542825,self_employed,business,5,647,3758631,0
APP000513,CUST00609,2023-06-20,4502376,24,1713541,self_employed,personal,1,377,2935376,1
APP000514,CUST00090,2023-06-21,7973863,84,1669823,self_employed,home_purchase,3,384,4379083,1
APP000515,CUST00990,2023-06-21,3934234,12,1926458,self_employed,business,2,457,4985030,1
APP000516,CUST00436,2023-06-21,505399,12,389500,self_employed,home_purchase,2,883,3010439,0
APP000517,CUST00904,2023-06-22,6346173,84,1786938,self_employed,auto,3,401,1760845,1
APP000518,CUST00942,2023-06-22,1377411,24,319805,self_employed,auto,5,841,2114529,1
APP000519,CUST00557,2023-06-22,719120,24,1055757,salaried,auto,2,706,4127028,0
APP000520,CUST00300,2023-06-23,3204600,60,1269980,unemployed,business,0,853,2133174,0
APP000521,CUST00049,2023-06-23,3812341,24,844149,salaried,business,5,795,2598692,1
APP000522,CUST00632,2023-06-23,1793760,12,463111,salaried,refinance,5,499,970000,1
APP000523,CUST00584,2023-06-24,2710576,12,546142,salaried,auto,1,796,4950325,1
APP000524,CUST00951,2023-06-24,4870195,12,1684395,unemployed,business,3,401,3253994,1
APP000525,CUST00030,2023-06-24,2684734,12,773703,self_employed,personal,5,474,1651044,1
APP000526,CUST00096,2023-06-25,1411880,84,758602,self_employed,business,3,427,2925343,1
APP000527,CUST00422,2023-06-25,8870643,24,1862051,self_employed,auto,2,379,2005694,1
APP000528,CUST00243,2023-06-25,986099,12,458969,salaried,refinance,5,354,774322,1
APP000529,CUST00314,2023-06-26,7063466,12,1847480,self_employed,auto,4,412,4373741,1
APP000530,CUST00739,2023-06-26,4299067,36,1857746,salaried,business,3,372,4428314,1
APP000531,CUST00656,2023-06-26,3868224,120,1277407,unemployed,business,0,528,4174467,1
APP000532,CUST00178,2023-06-27,1861871,36,497957,salaried,personal,2,342,1842341,1
APP000533,CUST00019,2023-06-27,1340829,12,480549,self_employed,personal,4,336,1282009,1
APP000534,CUST00835,2023-06-27,3264577,24,712496,unemployed,auto,1,893,248693,1
APP000535,CUST00106,2023-06-28,2958143,36,1239348,unemployed,refinance,3,352,3657691,1
APP000536,CUST00161,2023-06-28,1625747,24,476504,contract,auto,3,344,1639404,1
APP000537,CUST00768,2023-06-28,2081819,120,1020184,salaried,auto,0,318,4461101,1
APP000538,CUST00002,2023-06-29,953099,84,407882,self_employed,business,3,379,4349283,1
APP000539,CUST00485,2023-06-29,2908091,36,1172511,salaried,auto,4,616,640902,0
APP000540,CUST00786,2023-06-29,253809,120,238066,contract,personal,1,796,4584782,0
APP000541,CUST00685,2023-06-30,1347470,24,1476265,self_employed,home_purchase,3,740,701440,0
APP000542,CUST00679,2023-06-30,1050098,12,299711,contract,personal,4,648,2451992,0
APP000543,CUST00864,2023-06-30,1899748,120,550679,contract,auto,0,351,2369649,1
APP000544,CUST00075,2023-07-01,1791543,120,514354,unemployed,business,3,764,4781699,0
APP000545,CUST00168,2023-07-01,998733,24,1695789,self_employed,auto,1,322,3286542,1
APP000546,CUST00750,2023-07-01,583131,60,296087,unemployed,auto,2,678,4376209,0
APP000547,CUST00732,2023-07-02,1352147,24,972667,self_employed,home_purchase,3,545,2979006,1
APP000548,CUST00853,2023-07-02,5058357,60,1264058,contract,business,0,829,4126153,1
APP000549,CUST00555,2023-07-02,4936018,84,1128791,contract,personal,0,484,4260598,1
APP000550,CUST00093,2023-07-03,2294798,84,1425286,unemployed,business,2,683,4298550,0
APP000551,CUST00833,2023-07-03,5768293,60,1645582,self_employed,home_purchase,5,563,2058086,0
APP000552,CUST00227,2023-07-03,983154,84,908534,unemployed,refinance,0,613,1909377,0
APP000553,CUST00370,2023-07-04,2938911,60,1690792,self_employed,business,4,863,4924107,0
APP000554,CUST00197,2023-07-04,868116,84,772383,self_employed,home_purchase,0,727,3782344,0
APP000555,CUST00140,2023-07-04,3501892,24,1971960,self_employed,auto,2,548,4586523,1
APP000556,CUST00449,2023-07-05,3918756,36,1108147,contract,auto,2,568,2886695,0
APP000557,CUST00514,2023-07-05,7008809,36,1524824,contract,business,2,722,4645122,1
APP000558,CUST00286,2023-07-05,2505159,60,1775008,salaried,business,0,507,3598420,1
APP000559,CUST00902,2023-07-06,4781661,12,1626772,unemployed,business,4,400,3712825,1
APP000560,CUST00312,2023-07-06,6332773,24,1732036,unemployed,refinance,1,580,888930,0
APP000561,CUST00238,2023-07-06,5581662,120,1165724,salaried,auto,4,340,2834427,1
APP000562,CUST00007,2023-07-07,903013,12,278255,unemployed,personal,3,401,3656969,1
APP000563,CUST00947,2023-07-07,1792261,60,1087550,contract,business,3,552,3804999,0
APP000564,CUST00559,2023-07-07,1745817,60,526697,salaried,home_purchase,1,777,4787962,0
APP000565,CUST00298,2023-07-08,3496772,36,1800409,self_employed,business,3,768,1634725,0
APP000566,CUST00285,2023-07-08,3063438,12,626140,unemployed,refinance,5,456,1513316,1
APP000567,CUST00711,2023-07-08,1403317,12,610525,self_employed,home_purchase,5,553,4847399,0
APP000568,CUST00129,2023-07-09,2325922,24,648897,unemployed,personal,5,392,4930806,1
APP000569,CUST00855,2023-07-09,820108,12,1356619,self_employed,personal,1,753,899403,0
APP000570,CUST00663,2023-07-09,2825241,12,1228218,salaried,home_purchase,3,447,1891880,1
APP000571,CUST00017,2023-07-10,8467287,12,1907913,self_employed,home_purchase,2,779,4740449,1
APP000572,CUST00080,2023-07-10,3081359,24,949272,contract,business,5,805,998617,0
APP000573,CUST00475,2023-07-10,1768651,120,708100,contract,business,5,713,3915822,0
APP000574,CUST00687,2023-07-11,1360070,60,288657,unemployed,home_purchase,5,498,561431,1
APP000575,CUST00754,2023-07-11,923897,12,212736,salaried,business,0,871,891557,1
APP000576,CUST00720,2023-07-11,1701359,60,872505,unemployed,business,1,711,3924809,0
APP000577,CUST00641,2023-07-12,5506962,12,1866471,contract,business,4,687,3037336,0
APP000578,CUST00562,2023-07-12,3090248,36,1142755,salaried,refinance,4,813,2774127,0
APP000579,CUST00708,2023-07-12,6048887,12,1808385,unemployed,auto,2,828,4282932,0
APP000580,CUST00657,2023-07-13,767358,12,383009,self_employed,business,0,346,1535656,1
APP000581,CUST00648,2023-07-13,588366,12,367977,contract,business,0,828,2516484,0
APP000582,CUST00100,2023-07-13,7832976,36,1700225,contract,personal,4,759,3042251,1
APP000583,CUST00206,2023-07-14,1826343,36,392135,salaried,home_purchase,2,423,3699341,1
APP000584,CUST00816,2023-07-14,1260701,36,293531,salaried,home_purchase,2,484,1660505,1
APP000585,CUST00182,2023-07-14,4545873,60,927366,contract,refinance,4,751,3168174,1
APP000586,CUST00600,2023-07-15,7183743,84,1864715,self_employed,home_purchase,0,429,2241788,1
APP000587,CUST00805,2023-07-15,5678551,84,1440890,salaried,home_purchase,4,571,2709790,0
APP000588,CUST00276,2023-07-15,1487750,60,378403,salaried,home_purchase,1,713,4313320,0
APP000589,CUST00013,2023-07-16,4544848,60,1706835,unemployed,personal,5,690,1968268,0
APP000590,CUST00624,2023-07-16,4388940,36,1718434,salaried,auto,5,845,3340832,0
APP000591,CUST00331,2023-07-16,2594850,24,1641253,salaried,auto,3,366,4709958,1
APP000592,CUST00910,2023-07-17,6207312,36,1824775,contract,business,1,477,3812009,1
APP000593,CUST00737,2023-07-17,1138430,12,631780,salaried,auto,1,890,4943616,0
APP000594,CUST00231,2023-07-17,3259227,120,1963227,contract,auto,1,641,2917467,0
APP000595,CUST00015,2023-07-18,2438107,36,777253,contract,refinance,5,449,1409757,1
APP000596,CUST00318,2023-07-18,3854219,84,1643646,contract,auto,1,473,4956990,1
APP000597,CUST00402,2023-07-18,1845460,120,1242856,self_employed,home_purchase,2,503,3222882,1
APP000598,CUST00412,2023-07-19,6688366,36,1603059,unemployed,auto,2,632,1207050,1
APP000599,CUST00688,2023-07-19,5815834,120,1330074,contract,business,4,470,1585946,1
APP000600,CUST00982,2023-07-19,1701890,36,1356469,self_employed,auto,5,673,1311455,0
APP000601,CUST00704,2023-07-20,698886,12,1309311,salaried,refinance,3,567,4168036,0
APP000602,CUST00237,2023-07-20,3224549,12,1602193,self_employed,personal,4,666,462794,0
APP000603,CUST00893,2023-07-20,6256994,12,1530277,salaried,business,3,393,3699529,1
APP000604,CUST00020,2023-07-21,1890942,120,442193,salaried,auto,2,674,2770097,1
APP000605,CUST00798,2023-07-21,1893510,36,1686898,self_employed,refinance,0,854,367363,0
APP000606,CUST00741,2023-07-21,4641645,24,1164922,salaried,personal,1,381,3066796,1
APP000607,CUST00487,2023-07-22,797703,36,781550,salaried,home_purchase,2,496,3765756,1
APP000608,CUST00875,2023-07-22,2538547,24,1125601,self_employed,business,0,716,3629807,0
APP000609,CUST00110,2023-07-22,9690707,120,1940570,contract,refinance,1,670,2642570,1
APP000610,CUST00747,2023-07-23,2382945,120,1743629,salaried,refinance,2,704,1677229,0
APP000611,CUST00304,2023-07-23,2028605,12,1700657,self_employed,personal,2,635,819219,0
APP000612,CUST00605,2023-07-23,2481978,84,1033038,salaried,home_purchase,4,709,61284,0
APP000613,CUST00145,2023-07-24,5299260,36,1611448,salaried,refinance,5,665,1797767,0
APP000614,CUST00538,2023-07-24,4196118,12,893161,salaried,home_purchase,4,344,3161147,1
APP000615,CUST00038,2023-07-24,7051629,120,1435097,self_employed,refinance,0,750,188281,1
APP000616,CUST00235,2023-07-25,1099053,12,1351213,contract,auto,2,568,4993477,0
APP000617,CUST00707,2023-07-25,728235,24,649637,unemployed,home_purchase,4,330,2929756,1
APP000618,CUST00587,2023-07-25,2758168,12,679633,contract,refinance,3,545,1472746,1
APP000619,CUST00842,2023-07-26,532598,36,310039,contract,personal,2,561,4810532,0
APP000620,CUST00748,2023-07-26,2023914,60,451583,unemployed,business,2,352,919672,1
APP000621,CUST00302,2023-07-26,3417616,24,980513,self_employed,home_purchase,2,897,4787991,0
APP000622,CUST00159,2023-07-27,1063679,12,1060179,unemployed,personal,3,433,1408834,1
APP000623,CUST00107,2023-07-27,2111373,12,497217,unemployed,home_purchase,1,498,1898654,1
APP000624,CUST00639,2023-07-27,1229440,120,950400,contract,auto,3,564,2127077,0
APP000625,CUST00850,2023-07-28,3097422,84,1287519,unemployed,business,1,799,4974185,0
APP000626,CUST00150,2023-07-28,1846491,120,618625,salaried,personal,4,745,1254564,0
APP000627,CUST00883,2023-07-28,2227060,60,808826,unemployed,refinance,5,762,4864356,0
APP000628,CUST00465,2023-07-29,3090907,60,861521,contract,refinance,3,442,1734800,1
APP000629,CUST00493,2023-07-29,3812063,84,1109096,salaried,personal,2,807,1425920,0
APP000630,CUST00180,2023-07-29,4266750,60,859506,salaried,business,5,797,3191033,1
APP000631,CUST00420,2023-07-30,7628528,36,1526500,contract,refinance,3,578,3468744,1
APP000632,CUST00828,2023-07-30,2229578,24,789492,self_employed,home_purchase,2,627,1725139,0
APP000633,CUST00055,2023-07-30,910769,36,981014,self_employed,auto,0,322,670334,1
APP000634,CUST00895,2023-07-31,3333717,12,883035,self_employed,personal,0,756,1980294,0
APP000635,CUST00174,2023-07-31,2590662,24,529248,unemployed,auto,1,876,2702101,1
APP000636,CUST00878,2023-07-31,2771813,84,1434338,self_employed,business,1,583,200156,0
APP000637,CUST00372,2023-08-01,1606567,120,623803,salaried,business,4,624,393263,0
APP000638,CUST00731,2023-08-01,1770947,12,734377,self_employed,personal,3,599,4589712,0
APP000639,CUST00746,2023-08-01,1189930,12,1626953,salaried,home_purchase,5,349,179318,1
APP000640,CUST00964,2023-08-02,6725864,12,1907944,contract,business,3,671,2034429,0
APP000641,CUST00907,2023-08-02,2941738,84,1407517,unemployed,personal,5,732,3819467,0
APP000642,CUST00479,2023-08-02,7478315,24,1849426,unemployed,refinance,3,856,1640717,1
APP000643,CUST00447,2023-08-03,7375071,24,1737543,contract,auto,2,857,2473864,1
APP000644,CUST00527,2023-08-03,4470925,12,1065638,unemployed,business,4,595,432420,1
APP000645,CUST00939,2023-08-03,3767984,120,1586522,self_employed,business,2,875,3972188,0
APP000646,CUST00306,2023-08-04,1540139,36,791050,contract,auto,1,617,3170916,0
APP000647,CUST00079,2023-08-04,3981504,84,1028894,salaried,home_purchase,2,685,4258271,0
APP000648,CUST00859,2023-08-04,4778782,84,1163782,contract,personal,3,661,4319124,1
APP000649,CUST00148,2023-08-05,5228553,12,1928887,contract,personal,2,899,1754024,0
APP000650,CUST00379,2023-08-05,7805534,84,1727408,salaried,home_purchase,4,742,205765,1
APP000651,CUST00202,2023-08-05,1240147,60,1080655,contract,business,5,372,1731748,1
APP000652,CUST00969,2023-08-06,6125209,60,1374657,contract,refinance,2,343,726362,1
APP000653,CUST00326,2023-08-06,526114,24,564241,self_employed,business,1,545,2666483,1
APP000654,CUST00797,2023-08-06,1962432,120,1647905,contract,auto,2,609,731949,0
APP000655,CUST00187,2023-08-07,3469582,120,1195468,self_employed,refinance,5,701,4609507,0
APP000656,CUST00831,2023-08-07,931562,36,1158900,self_employed,home_purchase,1,588,3011374,0
APP000657,CUST00373,2023-08-07,1164949,12,1579310,salaried,home_purchase,5,608,1265168,0
APP000658,CUST00405,2023-08-08,672751,120,1339251,self_employed,personal,2,853,4606152,0
APP000659,CUST00199,2023-08-08,814014,120,330440,unemployed,refinance,5,500,3848438,1
APP000660,CUST00309,2023-08-08,2864520,60,718680,unemployed,business,4,596,2188841,0
APP000661,CUST00745,2023-08-09,340269,60,518094,contract,refinance,4,634,732535,0
APP000662,CUST00673,2023-08-09,5231084,24,1522807,contract,business,5,580,1719032,0
APP000663,CUST00491,2023-08-09,1106781,12,263264,contract,business,1,880,2920038,1
APP000664,CUST00691,2023-08-10,708798,120,564328,self_employed,home_purchase,3,877,3829203,0
APP000665,CUST00404,2023-08-10,1480596,36,1275401,self_employed,personal,0,607,1309636,0
APP000666,CUST00955,2023-08-10,6344507,24,1450636,contract,business,1,570,3712845,1
APP000667,CUST00261,2023-08-11,4649472,84,1105948,unemployed,refinance,0,653,1414183,1
APP000668,CUST00956,2023-08-11,5117101,12,1749294,self_employed,home_purchase,4,408,1233780,1
APP000669,CUST00377,2023-08-11,7761969,12,1854092,contract,business,3,555,2235090,1
APP000670,CUST00820,2023-08-12,401624,24,437785,self_employed,auto,4,430,804131,1
APP000671,CUST00123,2023-08-12,4355850,36,1914519,self_employed,home_purchase,1,386,2023277,1
APP000672,CUST00166,2023-08-12,4988589,36,1305883,self_employed,business,1,357,1789050,1
APP000673,CUST00730,2023-08-13,2231049,24,1345194,salaried,personal,4,652,1400208,0
APP000674,CUST00755,2023-08-13,1442181,36,371172,self_employed,home_purchase,4,300,3878016,1
APP000675,CUST00783,2023-08-13,3653073,36,1319369,contract,refinance,5,687,1658640,0
APP000676,CUST00269,2023-08-14,5838668,60,1506288,contract,home_purchase,0,559,3475316,0
APP000677,CUST00813,2023-08-14,3226966,60,1245424,unemployed,business,2,519,3601444,1
APP000678,CUST00570,2023-08-14,758948,120,352087,salaried,home_purchase,0,761,3329268,0
APP000679,CUST00214,2023-08-15,1697129,84,1141809,unemployed,personal,4,623,1346646,0
APP000680,CUST00154,2023-08-15,2709633,24,1884691,unemployed,auto,0,740,4147142,0
APP000681,CUST00520,2023-08-15,5830904,120,1502149,self_employed,auto,4,725,1182757,0
APP000682,CUST00073,2023-08-16,463033,60,447334,self_employed,business,0,319,1385651,1
APP000683,CUST00368,2023-08-16,1709884,24,1927889,self_employed,business,0,429,4374942,1
APP000684,CUST00387,2023-08-16,2490896,36,1925984,contract,home_purchase,5,641,1698418,0
APP000685,CUST00869,2023-08-17,650860,84,504911,unemployed,home_purchase,2,885,3485091,0
APP000686,CUST00271,2023-08-17,6901222,84,1641591,contract,home_purchase,2,392,211697,1
APP000687,CUST00948,2023-08-17,2137543,36,932090,contract,personal,3,363,3071620,1
APP000688,CUST00638,2023-08-18,6288264,12,1268627,contract,auto,1,864,4343728,1
APP000689,CUST00762,2023-08-18,1118942,24,1001335,salaried,home_purchase,4,880,3543520,0
APP000690,CUST00728,2023-08-18,5535501,12,1608723,contract,refinance,2,400,2912148,1
APP000691,CUST00699,2023-08-19,5023417,84,1993987,salaried,auto,1,541,4245147,1
APP000692,CUST00516,2023-08-19,3699790,60,1631206,unemployed,personal,2,675,1490611,0
APP000693,CUST00721,2023-08-19,8327537,36,1876468,unemployed,refinance,0,417,1883903,1
APP000694,CUST00860,2023-08-20,9305270,84,1902848,contract,business,1,495,347082,1
APP000695,CUST00163,2023-08-20,1603724,84,362189,self_employed,business,3,537,3491866,1
APP000696,CUST00293,2023-08-20,895794,84,656090,contract,personal,0,684,3617047,0
APP000697,CUST00124,2023-08-21,2239401,12,1499341,contract,auto,0,484,3756891,1
APP000698,CUST00694,2023-08-21,4357313,60,1262136,contract,business,3,547,3743687,1
APP000699,CUST00994,2023-08-21,522727,120,290263,contract,personal,2,473,636918,1
APP000700,CUST00717,2023-08-22,1412458,84,371088,salaried,auto,0,755,3330893,0
APP000701,CUST00120,2023-08-22,3466545,24,1136985,salaried,auto,4,391,3816647,1
APP000702,CUST00467,2023-08-22,3899920,36,1309098,self_employed,business,4,438,1018904,1
APP000703,CUST00830,2023-08-23,2122239,120,501894,contract,auto,0,449,2382403,1
APP000704,CUST00563,2023-08-23,1879475,12,508324,self_employed,home_purchase,1,843,4566080,0
APP000705,CUST00651,2023-08-23,268170,60,432812,contract,business,2,866,2074049,0
APP000706,CUST00827,2023-08-24,879298,12,1216911,self_employed,home_purchase,4,600,3765790,0
APP000707,CUST00968,2023-08-24,686736,120,214136,unemployed,personal,0,393,2651730,1
APP000708,CUST00625,2023-08-24,3307078,12,1230374,self_employed,personal,4,753,3288781,0
APP000709,CUST00588,2023-08-25,1765518,12,1056671,unemployed,auto,1,595,3132530,0
APP000710,CUST00960,2023-08-25,2476385,24,1038773,self_employed,home_purchase,0,809,3254719,0
APP000711,CUST00189,2023-08-25,5563593,24,1422697,self_employed,auto,5,515,3896876,1
APP000712,CUST00615,2023-08-26,4813626,36,1140737,contract,business,0,899,4521788,1
APP000713,CUST00205,2023-08-26,4568350,24,1509947,self_employed,refinance,0,784,1478330,0
APP000714,CUST00411,2023-08-26,3518944,36,1575062,salaried,personal,5,434,4641535,1
APP000715,CUST00991,2023-08-27,3189221,60,1856211,self_employed,business,3,735,3139311,0
APP000716,CUST00545,2023-08-27,4667884,60,1638640,unemployed,business,2,472,2978187,1
APP000717,CUST00593,2023-08-27,2169087,120,1131871,salaried,auto,4,509,1638648,1
APP000718,CUST00515,2023-08-28,3299353,36,1085875,self_employed,refinance,3,450,2083347,1
APP000719,CUST00513,2023-08-28,2213014,60,624275,contract,personal,3,709,3258126,0
APP000720,CUST00143,2023-08-28,1020032,84,1279268,contract,auto,0,457,1818669,1
APP000721,CUST00273,2023-08-29,227385,24,450443,self_employed,personal,3,683,1436422,0
APP000722,CUST00876,2023-08-29,2730371,84,1876225,salaried,personal,1,649,4095394,0
APP000723,CUST00181,2023-08-29,7788401,120,1721079,salaried,personal,4,750,2077144,1
APP000724,CUST00981,2023-08-30,1416220,24,415520,self_employed,refinance,3,896,3223026,0
APP000725,CUST00446,2023-08-30,2056865,24,1614720,unemployed,personal,0,305,155946,1
APP000726,CUST00959,2023-08-30,1851078,36,410786,salaried,auto,5,894,386330,1
APP000727,CUST00176,2023-08-31,3917509,24,1498205,unemployed,business,1,365,4240861,1
APP000728,CUST00313,2023-08-31,945656,60,357876,contract,personal,1,616,710930,0
APP000729,CUST00849,2023-08-31,5080837,120,1078748,salaried,business,5,504,3979010,1
APP000730,CUST00381,2023-09-01,1062600,60,1384153,self_employed,business,4,683,4500929,0
APP000731,CUST00511,2023-09-01,2219865,12,1511859,salaried,business,5,733,2406980,0
APP000732,CUST00462,2023-09-01,2990129,24,953494,unemployed,personal,3,815,4422490,0
APP000733,CUST00399,2023-09-02,2564734,84,1858922,contract,auto,5,541,2136134,1
APP000734,CUST00652,2023-09-02,5670457,24,1593778,self_employed,home_purchase,0,859,4759162,0
APP000735,CUST00613,2023-09-02,841282,60,574876,self_employed,refinance,3,493,1185576,1
APP000736,CUST00366,2023-09-03,1332462,84,1408216,contract,auto,1,422,2139254,1
APP000737,CUST00434,2023-09-03,2168566,24,1514962,salaried,personal,2,527,1944569,1
APP000738,CUST00061,2023-09-03,1923156,60,800547,self_employed,auto,1,617,3920304,0
APP000739,CUST00735,2023-09-04,1976181,36,1528816,salaried,auto,1,700,218591,0
APP000740,CUST00179,2023-09-04,2009874,12,1817059,contract,home_purchase,2,799,4141125,0
APP000741,CUST00497,2023-09-04,7303537,36,1670805,contract,personal,5,434,117156,1
APP000742,CUST00215,2023-09-05,3053571,36,1572557,self_employed,auto,3,481,1578484,1
APP000743,CUST00045,2023-09-05,2849823,12,1342095,salaried,home_purchase,2,863,2980341,0
APP000744,CUST00255,2023-09-05,514340,120,686962,self_employed,refinance,2,563,726688,0
APP000745,CUST00258,2023-09-06,3439259,60,1631401,unemployed,business,3,444,2450584,1
APP000746,CUST00419,2023-09-06,1447267,12,855545,salaried,home_purchase,1,891,4985131,0
APP000747,CUST00534,2023-09-06,3760088,120,1157954,salaried,auto,3,569,4116043,0
APP000748,CUST00317,2023-09-07,1090967,120,765991,salaried,auto,4,891,151096,0
APP000749,CUST00112,2023-09-07,3433636,12,763430,unemployed,home_purchase,1,851,2958811,1
APP000750,CUST00429,2023-09-07,2265408,12,483700,salaried,home_purchase,3,843,2986679,1
APP000751,CUST00901,2023-09-08,1832350,36,1930335,contract,business,4,649,341124,0
APP000752,CUST00701,2023-09-08,458233,60,466010,unemployed,auto,3,779,3251061,0
APP000753,CUST00440,2023-09-08,362004,84,355265,contract,refinance,1,876,2605001,0
APP000754,CUST00173,2023-09-09,6198091,36,1885029,self_employed,home_purchase,3,461,3408946,1
APP000755,CUST00266,2023-09-09,1257607,60,1199023,salaried,auto,4,322,1487510,1
APP000756,CUST00726,2023-09-09,4284675,12,988227,salaried,personal,1,492,1278138,1
APP000757,CUST00689,2023-09-10,5948361,60,1527484,salaried,personal,3,682,3679793,0
APP000758,CUST00666,2023-09-10,3728229,120,889975,unemployed,home_purchase,4,628,3607896,1
APP000759,CUST00267,2023-09-10,1233666,60,430258,salaried,personal,1,348,808591,1
APP000760,CUST00686,2023-09-11,7544540,36,1513434,salaried,business,2,636,1081997,1
APP000761,CUST00696,2023-09-11,361132,24,516799,unemployed,refinance,5,404,2931800,1
APP000762,CUST00818,2023-09-11,2756194,120,1195387,self_employed,home_purchase,2,603,4145191,0
APP000763,CUST00426,2023-09-12,3735944,12,1908319,self_employed,business,3,645,1008982,0
APP000764,CUST00658,2023-09-12,8989628,24,1885051,contract,auto,0,682,1095583,1
APP000765,CUST00288,2023-09-12,2629663,12,849409,contract,personal,5,547,4038891,1
APP000766,CUST00152,2023-09-13,6623323,120,1604542,unemployed,refinance,3,544,3483530,1
APP000767,CUST00230,2023-09-13,1650062,36,1302816,self_employed,refinance,4,707,4511428,0
APP000768,CUST00380,2023-09-13,5212134,120,1062865,contract,refinance,3,749,3917067,1
APP000769,CUST00104,2023-09-14,1239876,60,451870,unemployed,refinance,2,784,4766389,0
APP000770,CUST00209,2023-09-14,2387993,60,877447,self_employed,auto,2,500,944728,1
APP000771,CUST00067,2023-09-14,6687312,60,1373452,self_employed,home_purchase,4,554,1359689,1
APP000772,CUST00792,2023-09-15,4373330,24,1975936,unemployed,business,5,498,1189932,1
APP000773,CUST00837,2023-09-15,477921,60,208803,salaried,auto,0,616,277172,0
APP000774,CUST00961,2023-09-15,4671929,84,1491968,salaried,business,5,376,3895518,1
APP000775,CUST00882,2023-09-16,1854792,120,1723406,contract,auto,4,558,3308771,0
APP000776,CUST00815,2023-09-16,3718912,60,1912150,unemployed,refinance,0,413,429994,1
APP000777,CUST00716,2023-09-16,1318557,120,962846,salaried,auto,0,619,990665,0
APP000778,CUST00690,2023-09-17,398704,120,413261,unemployed,home_purchase,4,810,953804,0
APP000779,CUST00236,2023-09-17,3024440,60,687740,unemployed,business,5,891,2014650,1
APP000780,CUST00274,2023-09-17,5455969,36,1730960,unemployed,personal,2,567,2277654,0
APP000781,CUST00041,2023-09-18,3763565,12,1780282,self_employed,home_purchase,3,333,1444960,1
APP000782,CUST00817,2023-09-18,3150022,24,1346732,self_employed,auto,5,436,4650909,1
APP000783,CUST00888,2023-09-18,1027846,120,420932,contract,auto,1,362,1063838,1
APP000784,CUST00183,2023-09-19,1404840,12,419459,salaried,refinance,1,755,2809389,0
APP000785,CUST00631,2023-09-19,4954001,36,1060709,unemployed,home_purchase,5,890,2189903,1
APP000786,CUST00483,2023-09-19,5913524,84,1258864,contract,personal,1,632,1938389,1
APP000787,CUST00364,2023-09-20,584157,24,258281,self_employed,refinance,2,406,4128949,1
APP000788,CUST00114,2023-09-20,2843658,120,1434973,contract,auto,2,312,4891851,1
APP000789,CUST00081,2023-09-20,2985355,60,1180118,contract,refinance,3,885,29378,0
APP000790,CUST00025,2023-09-21,678806,12,222144,contract,personal,1,489,2318556,1
APP000791,CUST00389,2023-09-21,959647,24,372219,unemployed,home_purchase,4,367,595779,1
APP000792,CUST00952,2023-09-21,3525959,84,1017772,unemployed,refinance,4,406,2168674,1
APP000793,CUST00560,2023-09-22,4494149,120,1500653,unemployed,auto,1,453,3085166,1
APP000794,CUST00363,2023-09-22,3275722,120,1685719,contract,auto,2,693,2058221,0
APP000795,CUST00416,2023-09-22,2007152,120,976342,contract,personal,0,835,1545478,0
APP000796,CUST00814,2023-09-23,1612304,12,731646,self_employed,home_purchase,1,465,1560900,1
APP000797,CUST00977,2023-09-23,1798943,84,1942958,salaried,auto,5,712,1499335,0
APP000798,CUST00329,2023-09-23,1278945,12,1025386,self_employed,personal,3,338,1628474,1
APP000799,CUST00924,2023-09-24,2881958,12,767701,unemployed,refinance,3,306,1869932,1
APP000800,CUST00761,2023-09-24,2242302,84,996165,salaried,home_purchase,5,332,3439185,1
APP000801,CUST00456,2023-09-24,324978,36,221764,contract,business,4,853,480020,0
APP000802,CUST00756,2023-09-25,2254217,60,743469,salaried,personal,4,649,204177,0
APP000803,CUST00753,2023-09-25,4399110,120,1127998,self_employed,personal,4,783,2583721,0
APP000804,CUST00328,2023-09-25,3073339,12,1853195,salaried,personal,2,313,3409083,1
APP000805,CUST00299,2023-09-26,6452408,60,1528806,contract,personal,3,313,1293586,1
APP000806,CUST00821,2023-09-26,7507615,120,1606329,unemployed,personal,1,809,1006022,1
APP000807,CUST00916,2023-09-26,3764788,36,1180823,unemployed,auto,5,361,3123801,1
APP000808,CUST00738,2023-09-27,1400802,60,399059,contract,home_purchase,1,393,1921040,1
APP000809,CUST00940,2023-09-27,665633,36,903667,salaried,auto,5,611,3680338,0
APP000810,CUST00941,2023-09-27,9484297,120,1994662,contract,refinance,5,663,732694,1
APP000811,CUST00664,2023-09-28,633413,12,279507,salaried,personal,0,437,605562,1
APP000812,CUST00102,2023-09-28,8302365,120,1782560,self_employed,auto,4,566,2763755,1
APP000813,CUST00702,2023-09-28,4447216,84,1432092,contract,business,5,704,1962441,0
APP000814,CUST00532,2023-09-29,370296,84,711035,contract,auto,3,565,3646752,0
APP000815,CUST00636,2023-09-29,1077757,36,1600379,salaried,auto,2,529,2530636,1
APP000816,CUST00729,2023-09-29,6078046,60,1706413,unemployed,business,5,343,1773277,1
APP000817,CUST00521,2023-09-30,842273,36,277794,self_employed,auto,3,571,798388,0
APP000818,CUST00628,2023-09-30,242527,24,391555,unemployed,refinance,0,781,817082,0
APP000819,CUST00989,2023-09-30,5377448,120,1398349,contract,refinance,1,676,3779237,0
APP000820,CUST00330,2023-10-01,8662320,60,1998388,contract,business,4,835,1132527,1
APP000821,CUST00072,2023-10-01,664712,84,243139,contract,personal,2,375,2512234,1
APP000822,CUST00371,2023-10-01,3629682,12,1398232,unemployed,home_purchase,1,306,4090564,1
APP000823,CUST00165,2023-10-02,233850,84,445744,salaried,auto,4,628,4489175,0
APP000824,CUST00137,2023-10-02,5535604,60,1370225,contract,refinance,0,407,1338243,1
APP000825,CUST00169,2023-10-02,2628362,120,1321966,salaried,personal,1,656,548094,0
APP000826,CUST00277,2023-10-03,1616038,12,362793,self_employed,home_purchase,2,842,3873512,1
APP000827,CUST00906,2023-10-03,3105426,60,1425310,unemployed,personal,0,502,3436382,1
APP000828,CUST00369,2023-10-03,5521739,60,1814660,unemployed,personal,2,629,1655997,0
APP000829,CUST00500,2023-10-04,3011147,60,1754198,self_employed,refinance,5,709,2967835,0
APP000830,CUST00004,2023-10-04,308350,12,252199,self_employed,home_purchase,5,390,943662,1
APP000831,CUST00294,2023-10-04,2562296,36,642649,contract,personal,5,838,3503410,0
APP000832,CUST00927,2023-10-05,1732377,24,633490,self_employed,refinance,1,421,3636542,1
APP000833,CUST00602,2023-10-05,2960607,60,1015926,salaried,business,0,784,1496844,0
APP000834,CUST00065,2023-10-05,2216004,24,457439,self_employed,personal,4,695,2342725,1
APP000835,CUST00297,2023-10-06,8404302,36,1737823,self_employed,business,2,384,1670340,1
APP000836,CUST00700,2023-10-06,6952714,60,1598182,contract,auto,4,734,156386,1
APP000837,CUST00241,2023-10-06,2224759,12,1655029,unemployed,business,0,417,636550,1
APP000838,CUST00022,2023-10-07,1767304,84,556767,contract,home_purchase,4,659,4799712,0
APP000839,CUST00320,2023-10-07,1007099,84,226230,self_employed,refinance,3,875,2280169,1
APP000840,CUST00778,2023-10-07,4018699,12,1839148,contract,home_purchase,5,871,738767,0
APP000841,CUST00974,2023-10-08,687617,12,720035,unemployed,personal,0,822,221349,0
APP000842,CUST00103,2023-10-08,5731407,120,1381284,self_employed,auto,2,596,1767034,1
APP000843,CUST00784,2023-10-08,4900958,24,1836985,self_employed,refinance,5,635,4914100,0
APP000844,CUST00725,2023-10-09,805817,120,265092,salaried,refinance,2,480,1923973,1
APP000845,CUST00677,2023-10-09,1032398,36,209852,unemployed,personal,3,852,4997300,1
APP000846,CUST00871,2023-10-09,678081,36,209773,unemployed,home_purchase,0,586,2447149,0
APP000847,CUST00222,2023-10-10,1161299,24,481386,salaried,auto,4,762,3819783,0
APP000848,CUST00870,2023-10-10,634289,60,292984,self_employed,personal,1,515,3927220,1
APP000849,CUST00135,2023-10-10,3987601,12,1675965,self_employed,refinance,3,744,140815,0
APP000850,CUST00464,2023-10-11,1332993,36,1290665,unemployed,refinance,5,434,30451,1
APP000851,CUST00315,2023-10-11,8006347,36,1964084,salaried,refinance,3,740,4612369,1
APP000852,CUST00705,2023-10-11,7013737,12,1642667,salaried,auto,2,327,4662360,1
APP000853,CUST00406,2023-10-12,3441641,36,1933738,self_employed,refinance,1,362,663134,1
APP000854,CUST00642,2023-10-12,1175133,60,629395,contract,refinance,2,511,3229947,1
APP000855,CUST00548,2023-10-12,3184146,84,718039,salaried,auto,5,589,4618673,1
APP000856,CUST00478,2023-10-13,1050961,12,1728935,contract,home_purchase,1,726,4753244,0
APP000857,CUST00862,2023-10-13,1821159,120,640789,contract,auto,3,515,1481876,1
APP000858,CUST00014,2023-10-13,783765,120,303017,unemployed,home_purchase,2,311,4086947,1
APP000859,CUST00325,2023-10-14,5063785,84,1404434,salaried,home_purchase,1,495,3231663,1
APP000860,CUST00857,2023-10-14,2027972,120,1641734,salaried,refinance,4,563,4639191,0
APP000861,CUST00070,2023-10-14,6814183,36,1942753,salaried,refinance,2,626,733598,0
APP000862,CUST00565,2023-10-15,4105284,84,1870031,unemployed,home_purchase,1,686,3005002,0
APP000863,CUST00396,2023-10-15,1367597,84,416415,contract,business,3,448,122449,1
APP000864,CUST00087,2023-10-15,1081740,60,1589795,contract,refinance,4,666,1786544,0
APP000865,CUST00629,2023-10-16,4441579,24,1723030,unemployed,business,5,678,57040,0
APP000866,CUST00036,2023-10-16,4151546,60,1456617,contract,business,3,765,2214570,0
APP000867,CUST00414,2023-10-16,2453921,120,1675639,salaried,business,3,613,4055432,0
APP000868,CUST00344,2023-10-17,1927558,120,1708364,contract,business,4,786,3290161,0
APP000869,CUST00281,2023-10-17,1353243,36,1003790,contract,home_purchase,1,432,1584365,1
APP000870,CUST00526,2023-10-17,557785,24,272272,salaried,refinance,1,727,2134659,0
APP000871,CUST00590,2023-10-18,955433,84,1021149,contract,personal,2,327,1837222,1
APP000872,CUST00451,2023-10-18,2682520,12,563207,self_employed,auto,3,361,3658363,1
APP000873,CUST00217,2023-10-18,939932,12,404712,salaried,home_purchase,3,818,1331046,0
APP000874,CUST00653,2023-10-19,1759082,60,424862,self_employed,auto,0,585,459240,1
APP000875,CUST00101,2023-10-19,7108829,120,1455273,self_employed,business,4,672,2533645,1
APP000876,CUST00595,2023-10-19,956679,24,1108155,self_employed,business,2,662,4149933,0
APP000877,CUST00540,2023-10-20,4021905,36,1171709,self_employed,refinance,5,716,2385685,0
APP000878,CUST00543,2023-10-20,6814780,24,1541338,contract,refinance,4,447,1020943,1
APP000879,CUST00718,2023-10-20,3980864,36,1186881,self_employed,refinance,5,406,230307,1
APP000880,CUST00028,2023-10-21,3242494,12,1334021,self_employed,refinance,3,325,4719738,1
APP000881,CUST00770,2023-10-21,865763,60,354844,unemployed,refinance,3,818,3803624,0
APP000882,CUST00976,2023-10-21,1145819,60,1732035,salaried,refinance,1,434,777728,1
APP000883,CUST00970,2023-10-22,2928382,24,1007805,self_employed,auto,2,645,369648,0
APP000884,CUST00232,2023-10-22,2382985,24,479383,salaried,home_purchase,5,572,645820,1
APP000885,CUST00211,2023-10-22,8010758,84,1663991,unemployed,refinance,2,397,1882659,1
APP000886,CUST00023,2023-10-23,1037910,24,1522317,salaried,refinance,0,548,4059380,1
APP000887,CUST00963,2023-10-23,1086085,12,295446,unemployed,home_purchase,1,349,799367,1
APP000888,CUST00616,2023-10-23,1017174,12,547474,salaried,business,3,406,4093509,1
APP000889,CUST00898,2023-10-24,1042054,120,228348,self_employed,personal,3,383,9447,1
APP000890,CUST00254,2023-10-24,483228,36,687365,contract,business,5,794,3693797,0
APP000891,CUST00919,2023-10-24,1790175,12,379964,unemployed,auto,5,640,1412075,1
APP000892,CUST00848,2023-10-25,6308316,120,1477828,salaried,home_purchase,3,855,4802652,1
APP000893,CUST00678,2023-10-25,1173409,12,1140595,salaried,business,3,561,2379227,0
APP000894,CUST00576,2023-10-25,1511010,36,1964368,unemployed,auto,4,420,1352698,1
APP000895,CUST00098,2023-10-26,6592672,12,1548963,self_employed,personal,0,665,1214626,1
APP000896,CUST00448,2023-10-26,1562116,84,1300778,salaried,refinance,3,857,4133243,0
APP000897,CUST00218,2023-10-26,3246479,84,1116764,contract,auto,2,619,2014990,0
APP000898,CUST00488,2023-10-27,1377475,84,298100,salaried,auto,4,310,1760202,1
APP000899,CUST00495,2023-10-27,996551,24,326362,unemployed,refinance,4,482,3678340,1
APP000900,CUST00265,2023-10-27,2995217,24,1309356,unemployed,auto,3,854,2686993,0
APP000901,CUST00929,2023-10-28,520239,120,207882,unemployed,personal,3,611,3319178,0
APP000902,CUST00289,2023-10-28,216571,84,276230,self_employed,home_purchase,4,871,2228000,0
APP000903,CUST00556,2023-10-28,2888632,12,594444,salaried,home_purchase,3,605,320008,1
APP000904,CUST00958,2023-10-29,3400094,84,1791462,self_employed,business,1,307,29250,1
APP000905,CUST00403,2023-10-29,1387391,84,1026074,self_employed,auto,1,823,195525,0
APP000906,CUST00879,2023-10-29,2640142,60,1477240,unemployed,business,4,757,2872310,0
APP000907,CUST00043,2023-10-30,4553228,60,940812,contract,personal,3,729,2568124,1
APP000908,CUST00341,2023-10-30,472893,12,511630,unemployed,personal,1,882,3737529,0
APP000909,CUST00807,2023-10-30,3822042,12,868081,unemployed,business,5,417,4473189,1
APP000910,CUST00935,2023-10-31,1345491,12,365097,contract,personal,5,843,872761,0
APP000911,CUST00126,2023-10-31,6718773,12,1586455,salaried,refinance,3,439,4786443,1
APP000912,CUST00228,2023-10-31,2594271,120,530359,salaried,auto,1,882,4658279,1
APP000913,CUST00759,2023-11-01,3764113,60,877478,salaried,refinance,5,414,3079685,1
APP000914,CUST00311,2023-11-01,9319840,84,1964048,contract,refinance,1,630,2651997,1
APP000915,CUST00476,2023-11-01,1355649,24,1265533,salaried,personal,2,773,883299,0
APP000916,CUST00401,2023-11-02,4184743,120,1025409,unemployed,home_purchase,5,346,891230,1
APP000917,CUST00001,2023-11-02,3479918,24,1177422,salaried,personal,3,340,93314,1
APP000918,CUST00466,2023-11-02,4746587,120,1611345,unemployed,auto,1,809,3229737,0
APP000919,CUST00291,2023-11-03,2991011,12,658067,contract,refinance,0,336,2165716,1
APP000920,CUST00469,2023-11-03,6556949,12,1345535,salaried,home_purchase,2,668,959613,1
APP000921,CUST00744,2023-11-03,6502136,12,1770844,salaried,personal,4,862,669238,0
APP000922,CUST00012,2023-11-04,3288980,84,1230343,self_employed,business,4,668,317666,0
APP000923,CUST00305,2023-11-04,2563450,24,1003772,self_employed,personal,1,588,3204788,0
APP000924,CUST00967,2023-11-04,1032489,36,461234,self_employed,auto,0,550,3426576,0
APP000925,CUST00133,2023-11-05,1376127,36,646921,contract,personal,4,682,3158178,0
APP000926,CUST00724,2023-11-05,4303816,84,1902844,salaried,auto,0,643,553474,0
APP000927,CUST00162,2023-11-05,1061407,36,1174267,salaried,refinance,0,601,206790,0
APP000928,CUST00544,2023-11-06,629912,12,742416,contract,refinance,2,392,531087,1
APP000929,CUST00845,2023-11-06,3821220,36,953062,unemployed,refinance,3,697,3757990,1
APP000930,CUST00892,2023-11-06,3110164,24,1240430,self_employed,business,1,743,3699717,0
APP000931,CUST00033,2023-11-07,5473727,84,1167584,unemployed,personal,1,725,1474155,1
APP000932,CUST00016,2023-11-07,4750977,84,1459596,self_employed,home_purchase,1,345,276011,1
APP000933,CUST00492,2023-11-07,436767,12,663486,self_employed,business,2,721,1598670,0
APP000934,CUST00645,2023-11-08,1654461,84,1368619,salaried,home_purchase,0,737,4048845,0
APP000935,CUST00481,2023-11-08,1421650,12,996818,self_employed,auto,0,410,717084,1
APP000936,CUST00599,2023-11-08,9258644,60,1893069,self_employed,home_purchase,2,809,3980743,1
APP000937,CUST00578,2023-11-09,718725,36,484261,contract,refinance,0,614,2316667,0
APP000938,CUST00582,2023-11-09,1317896,24,467190,salaried,personal,1,583,706967,0
APP000939,CUST00506,2023-11-09,4858822,36,1030985,salaried,business,3,733,4669464,1
APP000940,CUST00594,2023-11-10,5460731,24,1115034,self_employed,business,0,605,2591903,1
APP000941,CUST00240,2023-11-10,2257205,84,1443575,salaried,business,3,626,3357756,0
APP000942,CUST00782,2023-11-10,668582,120,927261,salaried,refinance,3,487,483127,1
APP000943,CUST00894,2023-11-11,2197407,84,1844688,contract,home_purchase,3,856,1858216,0
APP000944,CUST00852,2023-11-11,826976,36,1053503,unemployed,business,3,881,3162856,0
APP000945,CUST00047,2023-11-11,596430,60,432805,contract,business,4,378,3226767,1
APP000946,CUST00865,2023-11-12,1268052,36,414591,salaried,refinance,0,739,314650,0
APP000947,CUST00912,2023-11-12,8991549,84,1952130,unemployed,home_purchase,1,314,3021372,1
APP000948,CUST00144,2023-11-12,1287690,60,441370,contract,personal,1,521,4722404,1
APP000949,CUST00413,2023-11-13,6322550,36,1906132,contract,home_purchase,4,881,3931919,0
APP000950,CUST00867,2023-11-13,986635,36,700535,salaried,home_purchase,5,404,1038653,1
APP000951,CUST00278,2023-11-13,1510324,36,368136,contract,business,5,526,4563013,1
APP000952,CUST00597,2023-11-14,2455012,60,748468,salaried,auto,3,431,3414473,1
APP000953,CUST00736,2023-11-14,5733533,84,1306456,contract,home_purchase,2,736,284726,1
APP000954,CUST00352,2023-11-14,4627773,36,970225,salaried,personal,2,578,641457,1
APP000955,CUST00772,2023-11-15,3333894,84,1614044,unemployed,refinance,0,655,4606296,0
APP000956,CUST00539,2023-11-15,1179685,84,1299777,salaried,auto,2,865,1047982,0
APP000957,CUST00382,2023-11-15,1397485,36,921411,contract,business,3,612,483798,0
APP000958,CUST00157,2023-11-16,3315945,120,1342332,salaried,refinance,1,740,2254748,0
APP000959,CUST00338,2023-11-16,9266956,24,1948632,contract,personal,4,358,2628030,1
APP000960,CUST00207,2023-11-16,2073023,120,941259,self_employed,business,4,429,2865480,1
APP000961,CUST00957,2023-11-17,1889781,24,476198,unemployed,auto,1,868,3294324,0
APP000962,CUST00528,2023-11-17,2743927,60,935809,contract,business,5,815,4994316,0
APP000963,CUST00881,2023-11-17,2264631,24,1712206,self_employed,auto,0,694,3796208,0
APP000964,CUST00219,2023-11-18,1149912,36,591731,salaried,auto,5,526,129631,1
APP000965,CUST00021,2023-11-18,6563873,36,1908456,contract,business,4,419,442868,1
APP000966,CUST00141,2023-11-18,4441378,84,1258951,self_employed,personal,1,811,1572,0
APP000967,CUST00349,2023-11-19,3151172,12,1282832,salaried,business,3,771,1976180,0
APP000968,CUST00810,2023-11-19,1178285,120,770673,contract,personal,1,445,1751835,1
APP000969,CUST00308,2023-11-19,6960446,120,1856822,salaried,personal,4,653,4667706,0
APP000970,CUST00226,2023-11-20,333763,60,264907,salaried,refinance,0,671,1830781,0
APP000971,CUST00682,2023-11-20,3477831,60,737608,salaried,refinance,1,586,153269,1
APP000972,CUST00095,2023-11-20,1282485,84,953120,self_employed,business,1,856,4419186,0
APP000973,CUST00248,2023-11-21,1040990,24,1059095,salaried,personal,1,374,1301361,1
APP000974,CUST00117,2023-11-21,2885803,84,1053438,salaried,refinance,1,454,4562912,1
APP000975,CUST00851,2023-11-21,1323244,24,466264,self_employed,refinance,3,357,3872238,1
APP000976,CUST00410,2023-11-22,1689028,84,606067,salaried,personal,3,715,4402624,0
APP000977,CUST00667,2023-11-22,915588,24,371435,salaried,home_purchase,3,686,4098598,0
APP000978,CUST00453,2023-11-22,6123410,84,1230424,self_employed,home_purchase,1,892,715893,1
APP000979,CUST00863,2023-11-23,2235459,84,831563,salaried,personal,1,625,3130903,0
APP000980,CUST00630,2023-11-23,3229656,24,1218389,unemployed,refinance,5,390,2060524,1
APP000981,CUST00766,2023-11-23,3024974,60,1261485,self_employed,personal,1,570,3143885,0
APP000982,CUST00523,2023-11-24,1171930,36,1463603,unemployed,auto,0,353,3729425,1
APP000983,CUST00056,2023-11-24,3753373,24,1184663,unemployed,business,2,702,2504780,0
APP000984,CUST00923,2023-11-24,2084786,60,1366307,unemployed,auto,0,704,1563055,0
APP000985,CUST00650,2023-11-25,4234697,120,1256870,contract,business,2,814,4581666,0
APP000986,CUST00928,2023-11-25,1001579,12,1374379,self_employed,business,5,503,3316190,1
APP000987,CUST00592,2023-11-25,6440075,120,1309959,contract,refinance,1,486,4427712,1
APP000988,CUST00053,2023-11-26,2007975,120,769185,salaried,business,4,342,1185714,1
APP000989,CUST00836,2023-11-26,2917672,60,643311,unemployed,personal,2,549,4191293,1
APP000990,CUST00275,2023-11-26,4269916,60,1617377,self_employed,home_purchase,2,585,1617096,0
APP000991,CUST00710,2023-11-27,630200,36,816863,salaried,home_purchase,3,752,2302431,0
APP000992,CUST00823,2023-11-27,4991481,12,1188459,salaried,refinance,3,752,4302148,1
APP000993,CUST00494,2023-11-27,1894804,60,554551,salaried,home_purchase,1,384,1773589,1
APP000994,CUST00945,2023-11-28,3923694,84,976552,salaried,refinance,1,471,1252545,1
APP000995,CUST00769,2023-11-28,2799015,24,1153394,contract,business,5,606,4577744,0
APP000996,CUST00681,2023-11-28,4472339,84,1326822,salaried,auto,1,501,4821620,1
APP000997,CUST00626,2023-11-29,4995002,84,1147477,unemployed,home_purchase,5,315,1555384,1
APP000998,CUST00034,2023-11-29,2836096,84,849183,self_employed,auto,2,807,1531297,0
APP000999,CUST00198,2023-11-29,3986998,36,1931188,contract,refinance,5,738,1138363,0
APP001000,CUST00499,2023-11-30,3909349,36,1122930,self_employed,business,2,612,117640,0
